,Company,Overall,Culture & Values,Work/Life Balance,Sr. Management,Compensation & Benefits,Career Opportunities,$100M_or_Less,$100M_to_1B,$1B_to_10B,More_than_$10B,Employees_1to1000,Employees_1000to5000,Employees_5000to10000,Employees_10000+,Goods & Svcs,Finance,Technology,Fashion/Retail,Health,Education,Entertainment,Govnt/Utilities
0,J.P. Morgan,3.9,3.8,3.5,3.3,3.8,3.7,0.0,0.0,0.0,1.0,0.0,0.0,0.0,1.0,0.0,1.0,0.0,0.0,0.0,0.0,0.0,0.0
1,IBM,3.7,3.7,3.8,3.0,3.1,3.5,0.0,0.0,0.0,1.0,0.0,0.0,0.0,1.0,0.0,0.0,1.0,0.0,0.0,0.0,0.0,0.0
2,Citi,3.6,3.5,3.3,3.1,3.6,3.4,0.0,0.0,0.0,1.0,0.0,0.0,0.0,1.0,0.0,1.0,0.0,0.0,0.0,0.0,0.0,0.0
3,Macy's,3.2,3.2,3.1,2.7,2.8,2.9,0.0,0.0,0.0,1.0,0.0,0.0,0.0,1.0,0.0,0.0,0.0,1.0,0.0,0.0,0.0,0.0
4,Verizon,3.6,3.4,3.2,2.9,4.2,3.4,0.0,0.0,0.0,1.0,0.0,0.0,0.0,1.0,0.0,0.0,1.0,0.0,0.0,0.0,0.0,0.0
5,Morgan Stanley,3.7,3.8,3.4,3.4,3.5,3.6,0.0,0.0,0.0,1.0,0.0,0.0,0.0,1.0,0.0,1.0,0.0,0.0,0.0,0.0,0.0,0.0
6,Goldman Sachs,3.9,3.8,2.8,3.4,3.9,3.9,0.0,0.0,0.0,1.0,0.0,0.0,0.0,1.0,0.0,1.0,0.0,0.0,0.0,0.0,0.0,0.0
7,PwC,3.8,3.7,2.9,3.4,3.2,4.0,0.0,0.0,1.0,0.0,0.0,0.0,0.0,1.0,0.0,1.0,0.0,0.0,0.0,0.0,0.0,0.0
8,EY,3.7,3.7,2.9,3.3,3.2,3.9,0.0,0.0,0.0,1.0,0.0,0.0,0.0,1.0,0.0,1.0,0.0,0.0,0.0,0.0,0.0,0.0
9,Deloitte,3.8,3.8,3.0,3.4,3.4,4.0,0.0,0.0,0.0,1.0,0.0,0.0,0.0,1.0,0.0,1.0,0.0,0.0,0.0,0.0,0.0,0.0
10,Cognizant Technology Solutions,3.7,3.6,3.5,3.0,3.3,3.5,0.0,0.0,0.0,1.0,0.0,0.0,0.0,1.0,1.0,0.0,0.0,0.0,0.0,0.0,0.0,0.0
11,Bloomberg L.P.,3.8,3.9,3.8,3.1,3.9,3.3,1.0,0.0,0.0,0.0,0.0,0.0,0.0,1.0,0.0,0.0,1.0,0.0,0.0,0.0,0.0,0.0
12,Bank of America,3.7,3.6,3.6,3.1,3.8,3.5,0.0,0.0,0.0,1.0,0.0,0.0,0.0,1.0,0.0,1.0,0.0,0.0,0.0,0.0,0.0,0.0
13,American Express,4.0,4.0,4.0,3.5,3.8,3.7,0.0,0.0,0.0,1.0,0.0,0.0,0.0,1.0,0.0,1.0,0.0,0.0,0.0,0.0,0.0,0.0
14,Columbia University,4.0,3.7,3.7,3.3,3.6,3.7,0.0,0.0,1.0,0.0,0.0,0.0,0.0,1.0,0.0,0.0,0.0,0.0,0.0,1.0,0.0,0.0
15,AIG,3.1,2.9,3.5,2.5,3.5,2.8,0.0,0.0,0.0,1.0,0.0,0.0,0.0,1.0,0.0,1.0,0.0,0.0,0.0,0.0,0.0,0.0
16,New York City Department of Education,3.4,3.2,3.3,2.8,3.8,3.4,0.0,0.0,0.0,1.0,0.0,0.0,0.0,1.0,0.0,0.0,0.0,0.0,0.0,0.0,0.0,1.0
17,NYU (New York University),4.2,4.0,4.1,3.7,3.8,3.7,0.0,0.0,1.0,0.0,0.0,0.0,0.0,1.0,0.0,0.0,0.0,0.0,0.0,1.0,0.0,0.0
18,KPMG,3.7,3.7,2.9,3.4,3.4,4.1,0.0,0.0,1.0,0.0,0.0,0.0,0.0,1.0,0.0,1.0,0.0,0.0,0.0,0.0,0.0,0.0
19,Viacom,3.5,3.7,3.7,3.0,3.3,3.0,0.0,0.0,0.0,1.0,0.0,0.0,1.0,0.0,0.0,0.0,0.0,0.0,0.0,0.0,1.0,0.0
20,Johnson & Johnson,4.0,4.1,3.8,3.4,4.0,3.6,0.0,0.0,0.0,1.0,0.0,0.0,0.0,1.0,0.0,0.0,0.0,0.0,1.0,0.0,0.0,0.0
21,Rutgers University,4.0,3.9,4.0,3.5,3.6,3.6,0.0,0.0,1.0,0.0,0.0,0.0,1.0,0.0,0.0,0.0,0.0,0.0,0.0,1.0,0.0,0.0
22,UBS,3.5,3.3,3.5,2.9,3.3,3.2,0.0,0.0,0.0,1.0,0.0,0.0,0.0,1.0,0.0,1.0,0.0,0.0,0.0,0.0,0.0,0.0
23,Target,3.4,3.4,3.1,2.8,3.3,3.0,0.0,0.0,0.0,1.0,0.0,0.0,0.0,1.0,1.0,0.0,0.0,0.0,0.0,0.0,0.0,0.0
24,Credit Suisse,3.6,3.5,3.6,3.1,3.6,3.4,0.0,0.0,0.0,1.0,0.0,0.0,0.0,1.0,0.0,1.0,0.0,0.0,0.0,0.0,0.0,0.0
25,Thomson Reuters,3.8,3.9,4.1,3.2,3.5,3.3,0.0,0.0,0.0,1.0,0.0,0.0,0.0,1.0,0.0,0.0,1.0,0.0,0.0,0.0,0.0,0.0
26,Starbucks,3.8,3.9,3.5,3.2,3.8,3.5,0.0,0.0,0.0,1.0,0.0,0.0,0.0,1.0,1.0,0.0,0.0,0.0,0.0,0.0,0.0,0.0
27,Barclays,3.8,3.8,3.8,3.1,3.8,3.5,0.0,0.0,0.0,1.0,0.0,0.0,0.0,1.0,0.0,1.0,0.0,0.0,0.0,0.0,0.0,0.0
28,AT&T,3.3,3.1,3.0,2.7,3.9,3.1,0.0,0.0,0.0,1.0,0.0,0.0,0.0,1.0,0.0,0.0,1.0,0.0,0.0,0.0,0.0,0.0
29,BNY Mellon,3.1,2.9,3.3,2.5,3.0,2.8,0.0,0.0,0.0,1.0,0.0,0.0,0.0,1.0,0.0,1.0,0.0,0.0,0.0,0.0,0.0,0.0
30,The Home Depot,3.5,3.7,3.3,3.1,3.3,3.3,0.0,0.0,0.0,1.0,0.0,0.0,0.0,1.0,1.0,0.0,0.0,0.0,0.0,0.0,0.0,0.0
31,Mount Sinai Health System,3.5,3.2,3.3,2.8,3.5,3.4,0.0,0.0,1.0,0.0,0.0,0.0,0.0,1.0,0.0,0.0,0.0,0.0,1.0,0.0,0.0,0.0
32,CVS Health,2.8,2.7,2.6,2.4,2.9,2.7,0.0,0.0,0.0,1.0,0.0,0.0,0.0,1.0,0.0,0.0,0.0,0.0,1.0,0.0,0.0,0.0
33,Deutsche Bank,3.4,3.3,3.6,2.9,3.4,3.2,0.0,0.0,0.0,1.0,0.0,0.0,0.0,1.0,0.0,1.0,0.0,0.0,0.0,0.0,0.0,0.0
34,Apple,3.9,4.0,3.3,3.4,4.1,3.5,0.0,0.0,0.0,1.0,0.0,0.0,0.0,1.0,0.0,0.0,1.0,0.0,0.0,0.0,0.0,0.0
35,Accenture,3.8,3.9,3.4,3.4,3.7,3.8,0.0,0.0,0.0,1.0,0.0,0.0,0.0,1.0,1.0,0.0,0.0,0.0,0.0,0.0,0.0,0.0
36,NBCUniversal,3.7,3.6,3.4,3.1,3.6,3.4,0.0,0.0,0.0,1.0,0.0,0.0,0.0,1.0,0.0,0.0,0.0,0.0,0.0,0.0,1.0,0.0
37,Northwell Health,3.8,3.8,3.6,3.3,3.9,3.7,0.0,0.0,0.0,1.0,0.0,0.0,0.0,1.0,0.0,0.0,0.0,0.0,1.0,0.0,0.0,0.0
38,NewYork-Presbyterian Hospital,4.2,4.2,3.9,3.7,4.4,4.1,1.0,0.0,0.0,0.0,0.0,0.0,0.0,1.0,0.0,0.0,0.0,0.0,1.0,0.0,0.0,0.0
39,Memorial Sloan Kettering,3.9,3.9,3.5,3.2,4.1,3.6,0.0,0.0,1.0,0.0,0.0,0.0,0.0,1.0,0.0,0.0,0.0,0.0,1.0,0.0,0.0,0.0
40,UPS,3.4,3.1,3.1,2.9,3.7,3.5,0.0,0.0,0.0,1.0,0.0,0.0,0.0,1.0,0.0,1.0,0.0,0.0,0.0,0.0,0.0,0.0
41,Best Buy,3.8,3.9,3.4,3.3,3.6,3.4,0.0,0.0,0.0,1.0,0.0,0.0,0.0,1.0,1.0,0.0,0.0,0.0,0.0,0.0,0.0,0.0
42,Prudential,3.6,3.6,3.6,3.1,3.7,3.3,0.0,0.0,0.0,1.0,0.0,0.0,0.0,1.0,0.0,1.0,0.0,0.0,0.0,0.0,0.0,0.0
43,NYU Langone Health,4.0,3.8,3.7,3.4,4.1,3.8,0.0,0.0,1.0,0.0,0.0,0.0,0.0,1.0,0.0,0.0,0.0,0.0,1.0,0.0,0.0,0.0
44,ADP,3.7,3.8,3.7,3.4,3.7,3.6,0.0,0.0,0.0,1.0,0.0,0.0,0.0,1.0,1.0,0.0,0.0,0.0,0.0,0.0,0.0,0.0
45,Bloomingdale's,3.0,2.8,2.9,2.5,2.8,2.6,0.0,0.0,1.0,0.0,0.0,0.0,0.0,1.0,0.0,0.0,0.0,1.0,0.0,0.0,0.0,0.0
46,Pfizer,3.9,3.8,3.8,3.4,3.9,3.6,0.0,0.0,0.0,1.0,0.0,0.0,0.0,1.0,0.0,0.0,0.0,0.0,1.0,0.0,0.0,0.0
47,New York Life,3.5,3.8,3.5,3.4,3.5,3.6,0.0,0.0,0.0,1.0,0.0,0.0,0.0,1.0,1.0,0.0,0.0,0.0,0.0,0.0,0.0,0.0
48,Merck,3.8,3.7,3.7,3.1,4.0,3.3,0.0,0.0,0.0,1.0,0.0,0.0,0.0,1.0,0.0,0.0,0.0,0.0,1.0,0.0,0.0,0.0
49,Chase,3.6,3.6,3.5,3.2,3.7,3.4,0.0,0.0,0.0,1.0,0.0,0.0,0.0,1.0,0.0,1.0,0.0,0.0,0.0,0.0,0.0,0.0
50,Ralph Lauren,3.5,3.4,3.2,2.9,3.2,3.0,0.0,0.0,1.0,0.0,0.0,0.0,0.0,1.0,0.0,0.0,0.0,1.0,0.0,0.0,0.0,0.0
51,TD,3.6,3.8,3.3,3.1,3.8,3.5,0.0,0.0,0.0,1.0,0.0,0.0,0.0,1.0,0.0,1.0,0.0,0.0,0.0,0.0,0.0,0.0
52,"Toys ""R"" Us",3.4,3.2,3.2,2.8,2.9,2.9,0.0,0.0,1.0,0.0,0.0,0.0,0.0,1.0,1.0,0.0,0.0,0.0,0.0,0.0,0.0,0.0
53,McDonald's,3.4,3.2,3.1,2.9,2.9,3.2,0.0,0.0,0.0,1.0,0.0,0.0,0.0,1.0,1.0,0.0,0.0,0.0,0.0,0.0,0.0,0.0
54,Staples,3.1,3.0,3.3,2.7,2.8,2.9,0.0,0.0,0.0,1.0,0.0,0.0,0.0,1.0,1.0,0.0,0.0,0.0,0.0,0.0,0.0,0.0
55,MetLife,3.6,3.5,3.7,3.0,3.8,3.3,0.0,0.0,0.0,1.0,0.0,0.0,0.0,1.0,1.0,0.0,0.0,0.0,0.0,0.0,0.0,0.0
56,Shoprite Supermarkets,3.1,2.9,3.0,2.7,2.6,2.7,1.0,0.0,0.0,0.0,1.0,0.0,0.0,0.0,1.0,0.0,0.0,0.0,0.0,0.0,0.0,0.0
57,PepsiCo,3.6,3.5,3.2,3.0,3.7,3.3,0.0,0.0,0.0,1.0,0.0,0.0,0.0,1.0,1.0,0.0,0.0,0.0,0.0,0.0,0.0,0.0
58,Amazon,3.8,3.8,3.4,3.4,3.9,3.8,0.0,0.0,0.0,1.0,0.0,0.0,0.0,1.0,0.0,0.0,1.0,0.0,0.0,0.0,0.0,0.0
59,L'Oréal,3.8,3.7,3.1,3.2,3.8,3.7,0.0,0.0,0.0,1.0,0.0,0.0,0.0,1.0,1.0,0.0,0.0,0.0,0.0,0.0,0.0,0.0
60,HSBC Holdings,3.7,3.6,3.6,3.1,3.5,3.4,0.0,0.0,0.0,1.0,0.0,0.0,0.0,1.0,0.0,1.0,0.0,0.0,0.0,0.0,0.0,0.0
61,Google,4.4,4.3,4.1,3.8,4.4,4.1,0.0,0.0,0.0,1.0,0.0,0.0,0.0,1.0,0.0,0.0,1.0,0.0,0.0,0.0,0.0,0.0
62,Cablevision Systems,3.4,3.2,3.2,2.9,3.8,3.2,0.0,0.0,1.0,0.0,0.0,0.0,0.0,1.0,0.0,0.0,1.0,0.0,0.0,0.0,0.0,0.0
63,Walmart,3.2,3.1,2.9,2.7,3.3,3.3,0.0,0.0,0.0,1.0,0.0,0.0,0.0,1.0,0.0,0.0,0.0,1.0,0.0,0.0,0.0,0.0
64,Time Inc.,3.2,3.4,3.8,2.7,3.4,2.9,1.0,0.0,0.0,0.0,0.0,0.0,1.0,0.0,0.0,0.0,0.0,0.0,0.0,0.0,1.0,0.0
65,Estée Lauder Companies,3.6,3.6,3.3,3.1,3.6,3.2,0.0,0.0,0.0,1.0,0.0,0.0,0.0,1.0,1.0,0.0,0.0,0.0,0.0,0.0,0.0,0.0
66,United Nations,4.0,4.0,3.9,3.4,4.1,3.5,1.0,0.0,0.0,0.0,0.0,0.0,0.0,1.0,0.0,0.0,0.0,0.0,0.0,0.0,0.0,1.0
67,Wells Fargo,3.6,3.5,3.7,3.0,3.7,3.5,0.0,0.0,0.0,1.0,0.0,0.0,0.0,1.0,0.0,1.0,0.0,0.0,0.0,0.0,0.0,0.0
68,Whole Foods Market,3.6,3.7,3.3,3.0,3.6,3.4,0.0,0.0,0.0,1.0,0.0,0.0,0.0,1.0,1.0,0.0,0.0,0.0,0.0,0.0,0.0,0.0
69,Walgreens,3.0,2.9,2.7,2.6,2.9,2.9,0.0,0.0,0.0,1.0,0.0,0.0,0.0,1.0,0.0,0.0,0.0,0.0,1.0,0.0,0.0,0.0
70,Victoria's Secret,3.4,3.4,2.8,2.9,3.4,3.1,0.0,0.0,1.0,0.0,0.0,1.0,0.0,0.0,0.0,0.0,0.0,1.0,0.0,0.0,0.0,0.0
71,Gap,3.5,3.6,3.4,3.1,3.1,3.1,0.0,0.0,0.0,1.0,0.0,0.0,0.0,1.0,0.0,0.0,0.0,1.0,0.0,0.0,0.0,0.0
72,Bed Bath & Beyond,2.9,2.8,2.9,2.5,2.6,2.5,0.0,0.0,0.0,1.0,0.0,0.0,0.0,1.0,1.0,0.0,0.0,0.0,0.0,0.0,0.0,0.0
73,CA Technologies,3.8,3.8,4.0,3.1,4.1,3.4,1.0,0.0,0.0,0.0,0.0,0.0,0.0,1.0,0.0,0.0,1.0,0.0,0.0,0.0,0.0,0.0
74,Merrill Lynch,3.7,3.5,3.5,3.2,3.7,3.5,0.0,0.0,0.0,1.0,0.0,0.0,0.0,1.0,1.0,0.0,0.0,0.0,0.0,0.0,0.0,0.0
75,Sears,2.8,2.7,3.0,2.4,2.6,2.6,0.0,0.0,0.0,1.0,0.0,0.0,0.0,1.0,1.0,0.0,0.0,0.0,0.0,0.0,0.0,0.0
76,Novartis,3.8,3.6,3.6,3.1,3.9,3.4,0.0,0.0,0.0,1.0,0.0,0.0,0.0,1.0,0.0,0.0,0.0,0.0,1.0,0.0,0.0,0.0
77,Condé Nast,2.9,2.5,3.1,2.5,2.6,2.8,1.0,0.0,0.0,0.0,1.0,0.0,0.0,0.0,1.0,0.0,0.0,0.0,0.0,0.0,0.0,0.0
78,Metropolitan Transportation Authority,3.2,2.5,3.6,2.6,3.7,3.1,1.0,0.0,0.0,0.0,0.0,0.0,1.0,0.0,1.0,0.0,0.0,0.0,0.0,0.0,0.0,0.0
79,BlackRock,3.7,3.8,3.6,3.4,3.4,3.6,0.0,0.0,0.0,1.0,0.0,0.0,0.0,1.0,0.0,1.0,0.0,0.0,0.0,0.0,0.0,0.0
80,Abercrombie & Fitch,3.3,3.5,3.3,2.9,2.8,2.9,0.0,0.0,1.0,0.0,0.0,0.0,0.0,1.0,1.0,0.0,0.0,0.0,0.0,0.0,0.0,0.0
81,T-Mobile,4.0,4.2,3.8,3.6,4.2,3.8,0.0,0.0,0.0,1.0,0.0,0.0,0.0,1.0,0.0,0.0,1.0,0.0,0.0,0.0,0.0,0.0
82,Uniqlo,3.0,3.0,2.3,2.5,2.9,3.1,0.0,0.0,0.0,1.0,0.0,0.0,0.0,1.0,0.0,0.0,0.0,1.0,0.0,0.0,0.0,0.0
83,Con Edison,3.8,3.6,3.7,3.4,4.0,3.8,0.0,0.0,0.0,1.0,0.0,0.0,0.0,1.0,0.0,0.0,0.0,0.0,0.0,0.0,0.0,1.0
84,McKinsey & Company,4.4,4.4,3.1,4.1,4.4,4.5,1.0,0.0,0.0,0.0,0.0,0.0,0.0,1.0,1.0,0.0,0.0,0.0,0.0,0.0,0.0,0.0
85,Century 21 Stores,2.5,2.4,2.5,2.2,2.3,2.4,0.0,1.0,0.0,0.0,0.0,1.0,0.0,0.0,0.0,0.0,0.0,1.0,0.0,0.0,0.0,0.0
86,Ogilvy,3.4,3.4,2.9,2.9,2.9,3.2,0.0,1.0,0.0,0.0,0.0,1.0,0.0,0.0,0.0,1.0,0.0,0.0,0.0,0.0,0.0,0.0
87,Infosys,3.2,3.2,3.1,2.7,2.7,3.0,0.0,0.0,0.0,1.0,0.0,0.0,0.0,1.0,0.0,0.0,1.0,0.0,0.0,0.0,0.0,0.0
88,Stony Brook University,4.0,3.9,3.8,3.6,3.4,3.6,0.0,1.0,0.0,0.0,0.0,0.0,0.0,1.0,0.0,0.0,0.0,0.0,0.0,1.0,0.0,0.0
89,Lowe's,3.3,3.2,2.9,2.8,3.4,3.1,0.0,0.0,0.0,1.0,0.0,0.0,0.0,1.0,1.0,0.0,0.0,0.0,0.0,0.0,0.0,0.0
90,Barnes & Noble,3.3,3.4,3.3,2.7,2.7,2.6,0.0,0.0,1.0,0.0,0.0,0.0,0.0,1.0,0.0,0.0,0.0,1.0,0.0,0.0,0.0,0.0
91,Forever 21,2.8,2.6,2.7,2.3,2.3,2.6,0.0,0.0,1.0,0.0,0.0,0.0,0.0,1.0,1.0,0.0,0.0,0.0,0.0,0.0,0.0,0.0
92,Capital One,3.8,3.9,3.9,3.2,4.1,3.5,0.0,0.0,0.0,1.0,0.0,0.0,0.0,1.0,0.0,1.0,0.0,0.0,0.0,0.0,0.0,0.0
93,Tata Consultancy Services,3.7,3.9,3.8,3.0,3.0,3.5,0.0,0.0,0.0,1.0,0.0,0.0,0.0,1.0,0.0,0.0,1.0,0.0,0.0,0.0,0.0,0.0
94,US Postal Service,3.0,2.4,2.2,2.2,3.6,3.0,0.0,0.0,0.0,1.0,0.0,0.0,0.0,1.0,0.0,1.0,0.0,0.0,0.0,0.0,0.0,0.0
95,Yelp,3.2,3.5,3.7,3.1,3.3,3.2,0.0,1.0,0.0,0.0,0.0,0.0,1.0,0.0,0.0,0.0,1.0,0.0,0.0,0.0,0.0,0.0
96,Success Academy Charter Schools,3.4,3.4,2.7,3.2,3.8,3.8,0.0,1.0,0.0,0.0,0.0,1.0,0.0,0.0,0.0,0.0,0.0,0.0,0.0,1.0,0.0,0.0
97,BNP Paribas,3.5,3.4,3.7,2.9,3.2,3.1,0.0,0.0,0.0,1.0,0.0,0.0,0.0,1.0,0.0,1.0,0.0,0.0,0.0,0.0,0.0,0.0
98,JetBlue,3.8,3.8,3.4,3.0,3.5,3.5,0.0,0.0,1.0,0.0,0.0,0.0,0.0,1.0,1.0,0.0,0.0,0.0,0.0,0.0,0.0,0.0
99,Nielsen,3.5,3.8,3.6,3.2,3.1,3.4,0.0,0.0,1.0,0.0,0.0,0.0,0.0,1.0,0.0,0.0,1.0,0.0,0.0,0.0,0.0,0.0
100,Saks Fifth Avenue,2.8,2.5,2.9,2.4,2.6,2.5,1.0,0.0,0.0,0.0,0.0,0.0,0.0,1.0,0.0,0.0,0.0,1.0,0.0,0.0,0.0,0.0
101,Rite Aid,3.0,2.9,2.8,2.5,2.6,2.7,0.0,0.0,0.0,1.0,0.0,0.0,0.0,1.0,0.0,0.0,0.0,0.0,1.0,0.0,0.0,0.0
102,CUNY (City University of New York),3.7,3.4,3.8,3.0,3.3,3.2,0.0,0.0,1.0,0.0,0.0,0.0,0.0,1.0,0.0,0.0,0.0,0.0,0.0,1.0,0.0,0.0
103,J. Crew,3.7,3.6,3.4,3.1,3.1,3.0,0.0,0.0,1.0,0.0,0.0,0.0,0.0,1.0,0.0,0.0,0.0,1.0,0.0,0.0,0.0,0.0
104,Unilever,3.9,4.0,3.6,3.4,3.7,3.5,0.0,0.0,0.0,1.0,0.0,0.0,0.0,1.0,1.0,0.0,0.0,0.0,0.0,0.0,0.0,0.0
105,Avon,3.5,3.5,3.5,2.7,3.5,3.1,0.0,0.0,0.0,1.0,0.0,0.0,0.0,1.0,1.0,0.0,0.0,0.0,0.0,0.0,0.0,0.0
106,Mastercard,4.0,4.0,4.0,3.4,4.0,3.7,0.0,0.0,1.0,0.0,0.0,0.0,0.0,1.0,0.0,1.0,0.0,0.0,0.0,0.0,0.0,0.0
107,Tiffany & Co.,3.2,3.3,3.0,2.8,3.4,2.7,0.0,0.0,1.0,0.0,0.0,0.0,0.0,1.0,0.0,0.0,0.0,1.0,0.0,0.0,0.0,0.0
108,Town Sports International Holdings,2.9,2.8,3.0,2.6,2.4,3.0,0.0,1.0,0.0,0.0,0.0,0.0,1.0,0.0,0.0,0.0,0.0,0.0,1.0,0.0,0.0,0.0
109,Robert Half,3.5,3.3,3.2,3.3,3.3,3.4,0.0,0.0,1.0,0.0,0.0,0.0,0.0,1.0,1.0,0.0,0.0,0.0,0.0,0.0,0.0,0.0
110,YMCA,3.6,4.0,3.6,3.1,2.7,3.1,0.0,1.0,0.0,0.0,0.0,0.0,0.0,1.0,0.0,0.0,0.0,0.0,0.0,0.0,0.0,1.0
111,Enterprise,3.6,3.7,2.5,3.5,3.5,4.0,0.0,0.0,0.0,1.0,0.0,0.0,0.0,1.0,1.0,0.0,0.0,0.0,0.0,0.0,0.0,0.0
112,EmblemHealth,2.7,2.5,3.1,2.2,3.4,2.5,0.0,0.0,1.0,0.0,0.0,1.0,0.0,0.0,0.0,1.0,0.0,0.0,0.0,0.0,0.0,0.0
113,Stop & Shop,3.0,2.7,3.0,2.6,2.8,2.7,0.0,0.0,0.0,1.0,0.0,0.0,0.0,1.0,1.0,0.0,0.0,0.0,0.0,0.0,0.0,0.0
114,Broadridge,3.6,3.5,3.5,3.1,3.4,3.4,0.0,0.0,1.0,0.0,0.0,0.0,0.0,1.0,0.0,1.0,0.0,0.0,0.0,0.0,0.0,0.0
115,Moody's,3.6,3.6,3.9,3.1,3.3,3.2,0.0,0.0,1.0,0.0,0.0,0.0,0.0,1.0,0.0,1.0,0.0,0.0,0.0,0.0,0.0,0.0
116,H&M,3.5,3.8,3.1,2.9,3.8,3.3,0.0,0.0,0.0,1.0,0.0,0.0,0.0,1.0,0.0,0.0,0.0,1.0,0.0,0.0,0.0,0.0
117,Equinox Fitness,3.2,3.3,2.7,2.9,2.7,3.0,0.0,0.0,1.0,0.0,0.0,0.0,0.0,1.0,0.0,0.0,0.0,0.0,0.0,0.0,1.0,0.0
118,Edelman,3.1,2.9,2.8,2.8,2.9,3.2,0.0,1.0,0.0,0.0,0.0,0.0,1.0,0.0,0.0,1.0,0.0,0.0,0.0,0.0,0.0,0.0
119,Hertz,2.7,2.4,2.4,2.3,2.7,2.7,0.0,0.0,1.0,0.0,0.0,0.0,0.0,1.0,1.0,0.0,0.0,0.0,0.0,0.0,0.0,0.0
120,PVH Corp.,4.3,4.3,4.1,4.0,4.3,4.0,0.0,0.0,1.0,0.0,0.0,0.0,0.0,1.0,0.0,0.0,0.0,1.0,0.0,0.0,0.0,0.0
121,Pearson,3.2,3.2,3.6,2.6,3.2,2.8,0.0,0.0,1.0,0.0,0.0,0.0,0.0,1.0,0.0,0.0,0.0,0.0,0.0,1.0,0.0,0.0
122,Ann Taylor,3.6,3.6,3.2,3.0,3.0,3.1,0.0,0.0,1.0,0.0,0.0,0.0,0.0,1.0,0.0,0.0,0.0,1.0,0.0,0.0,0.0,0.0
123,Lord & Taylor,3.1,2.8,2.9,2.7,2.8,2.7,0.0,0.0,1.0,0.0,0.0,0.0,1.0,0.0,0.0,0.0,0.0,1.0,0.0,0.0,0.0,0.0
124,American Eagle Outfitters,3.6,3.8,3.4,3.0,3.2,3.0,0.0,0.0,1.0,0.0,0.0,0.0,0.0,1.0,0.0,0.0,0.0,1.0,0.0,0.0,0.0,0.0
125,Montefiore Medical,3.6,3.5,3.6,3.0,3.8,3.5,0.0,0.0,1.0,0.0,0.0,0.0,0.0,1.0,0.0,0.0,0.0,0.0,1.0,0.0,0.0,0.0
126,Nordstrom,3.6,3.7,3.1,3.0,3.5,3.4,0.0,0.0,0.0,1.0,0.0,0.0,0.0,1.0,0.0,0.0,0.0,1.0,0.0,0.0,0.0,0.0
127,Colgate-Palmolive,3.9,4.1,3.8,3.5,3.7,3.4,0.0,0.0,0.0,1.0,0.0,0.0,0.0,1.0,1.0,0.0,0.0,0.0,0.0,0.0,0.0,0.0
128,Scholastic,2.9,3.0,3.3,2.4,2.7,2.2,0.0,0.0,1.0,0.0,0.0,0.0,1.0,0.0,1.0,0.0,0.0,0.0,0.0,0.0,0.0,0.0
129,Hearst,3.3,3.2,3.3,2.9,3.1,2.9,0.0,0.0,1.0,0.0,0.0,0.0,0.0,1.0,0.0,0.0,0.0,0.0,0.0,0.0,1.0,0.0
130,Duane Reade,3.0,2.8,2.6,2.6,2.5,2.9,0.0,1.0,0.0,0.0,0.0,0.0,1.0,0.0,0.0,0.0,0.0,0.0,1.0,0.0,0.0,0.0
131,Wiley,3.1,3.3,3.6,2.7,3.2,2.8,0.0,0.0,1.0,0.0,0.0,0.0,1.0,0.0,1.0,0.0,0.0,0.0,0.0,0.0,0.0,0.0
132,S&P Global Ratings,3.1,3.2,3.8,2.8,3.0,2.9,0.0,1.0,0.0,0.0,0.0,1.0,0.0,0.0,0.0,1.0,0.0,0.0,0.0,0.0,0.0,0.0
133,Weill Cornell Medical College,3.6,3.6,3.5,3.0,3.4,3.2,1.0,0.0,0.0,0.0,0.0,0.0,0.0,1.0,0.0,0.0,0.0,0.0,0.0,1.0,0.0,0.0
134,Kohl's,3.4,3.6,3.4,3.2,3.0,3.0,0.0,0.0,0.0,1.0,0.0,0.0,0.0,1.0,0.0,0.0,0.0,1.0,0.0,0.0,0.0,0.0
135,Coach,3.7,3.7,3.3,3.2,3.6,3.1,0.0,0.0,1.0,0.0,0.0,0.0,0.0,1.0,0.0,0.0,0.0,1.0,0.0,0.0,0.0,0.0
136,Société Générale,3.1,3.0,3.7,2.6,3.0,2.6,0.0,0.0,0.0,1.0,0.0,0.0,0.0,1.0,0.0,1.0,0.0,0.0,0.0,0.0,0.0,0.0
137,Trader Joe's,4.2,4.3,3.8,3.8,4.2,3.7,0.0,0.0,0.0,1.0,0.0,0.0,0.0,1.0,1.0,0.0,0.0,0.0,0.0,0.0,0.0,0.0
138,HBO,3.5,3.4,3.9,2.9,3.6,2.7,0.0,0.0,1.0,0.0,0.0,1.0,0.0,0.0,0.0,0.0,0.0,0.0,0.0,0.0,1.0,0.0
139,NYC Health + Hospitals,3.2,2.9,3.1,2.5,3.5,3.1,1.0,0.0,0.0,0.0,0.0,0.0,1.0,0.0,0.0,0.0,0.0,0.0,1.0,0.0,0.0,0.0
140,Sephora,3.5,3.7,3.2,3.0,3.2,3.3,0.0,0.0,1.0,0.0,0.0,0.0,0.0,1.0,1.0,0.0,0.0,0.0,0.0,0.0,0.0,0.0
141,Sprint,3.2,2.9,3.0,2.7,3.5,3.0,0.0,0.0,1.0,0.0,0.0,0.0,0.0,1.0,0.0,0.0,1.0,0.0,0.0,0.0,0.0,0.0
142,Mondo,4.3,4.3,4.0,4.1,4.2,4.3,1.0,0.0,0.0,0.0,1.0,0.0,0.0,0.0,1.0,0.0,0.0,0.0,0.0,0.0,0.0,0.0
143,Old Navy,3.4,3.5,3.3,2.9,3.1,3.1,0.0,1.0,0.0,0.0,0.0,0.0,0.0,1.0,0.0,0.0,0.0,1.0,0.0,0.0,0.0,0.0
144,TransPerfect,2.9,2.8,2.8,2.5,2.5,2.8,0.0,1.0,0.0,0.0,0.0,1.0,0.0,0.0,1.0,0.0,0.0,0.0,0.0,0.0,0.0,0.0
145,Chipotle,3.4,3.6,3.0,2.9,3.5,3.5,0.0,0.0,1.0,0.0,0.0,0.0,0.0,1.0,1.0,0.0,0.0,0.0,0.0,0.0,0.0,0.0
146,AllianceBernstein,3.4,3.7,3.7,3.1,3.1,3.1,0.0,0.0,1.0,0.0,0.0,1.0,0.0,0.0,0.0,1.0,0.0,0.0,0.0,0.0,0.0,0.0
147,Honeywell,3.9,3.7,3.6,3.4,3.7,3.7,0.0,0.0,0.0,1.0,0.0,0.0,0.0,1.0,0.0,0.0,1.0,0.0,0.0,0.0,0.0,0.0
148,New York Times,3.7,3.9,3.8,3.3,3.8,3.3,0.0,0.0,1.0,0.0,0.0,1.0,0.0,0.0,0.0,0.0,0.0,0.0,0.0,0.0,1.0,0.0
149,Kmart,3.0,2.9,3.1,2.6,2.4,2.5,0.0,0.0,1.0,0.0,0.0,0.0,0.0,1.0,1.0,0.0,0.0,0.0,0.0,0.0,0.0,0.0
150,Uber,4.2,4.1,3.8,3.8,4.0,4.0,1.0,0.0,0.0,0.0,0.0,0.0,0.0,1.0,0.0,0.0,1.0,0.0,0.0,0.0,0.0,0.0
151,National Debt Relief,3.8,4.0,3.7,3.8,4.2,3.8,1.0,0.0,0.0,0.0,0.0,1.0,0.0,0.0,0.0,1.0,0.0,0.0,0.0,0.0,0.0,0.0
152,Northwestern Mutual,3.8,4.0,3.8,3.7,3.5,3.8,0.0,0.0,0.0,1.0,0.0,0.0,1.0,0.0,1.0,0.0,0.0,0.0,0.0,0.0,0.0,0.0
153,AXA Advisors,4.0,4.1,3.9,4.0,3.8,4.1,0.0,1.0,0.0,0.0,0.0,1.0,0.0,0.0,0.0,1.0,0.0,0.0,0.0,0.0,0.0,0.0
154,Bristol-Myers Squibb,3.8,3.8,3.7,3.3,3.9,3.4,0.0,0.0,0.0,1.0,0.0,0.0,0.0,1.0,0.0,0.0,0.0,0.0,1.0,0.0,0.0,0.0
155,Healthfirst (New York),2.8,2.8,3.1,2.4,3.3,2.7,1.0,0.0,0.0,0.0,0.0,1.0,0.0,0.0,0.0,1.0,0.0,0.0,0.0,0.0,0.0,0.0
156,Dunkin' Donuts,3.1,2.8,2.9,2.6,2.3,2.7,1.0,0.0,0.0,0.0,0.0,0.0,1.0,0.0,1.0,0.0,0.0,0.0,0.0,0.0,0.0,0.0
157,Digitas,3.3,3.6,3.4,3.1,3.4,2.9,1.0,0.0,0.0,0.0,0.0,0.0,1.0,0.0,0.0,1.0,0.0,0.0,0.0,0.0,0.0,0.0
158,Wipro,2.9,2.9,2.9,2.5,2.6,3.1,0.0,0.0,1.0,0.0,0.0,0.0,0.0,1.0,0.0,0.0,1.0,0.0,0.0,0.0,0.0,0.0
159,Banana Republic,3.5,3.6,3.3,3.1,3.0,2.9,0.0,1.0,0.0,0.0,0.0,0.0,1.0,0.0,0.0,0.0,0.0,1.0,0.0,0.0,0.0,0.0
160,Urban Outfitters,3.5,3.6,3.4,3.1,3.1,2.9,0.0,0.0,1.0,0.0,0.0,0.0,0.0,1.0,0.0,0.0,0.0,1.0,0.0,0.0,0.0,0.0
161,The Children's Place,2.7,2.6,2.7,2.3,2.6,2.6,0.0,0.0,1.0,0.0,0.0,0.0,0.0,1.0,0.0,0.0,0.0,1.0,0.0,0.0,0.0,0.0
162,CBS,3.6,3.4,3.7,3.2,3.5,3.3,0.0,0.0,1.0,0.0,0.0,0.0,1.0,0.0,0.0,0.0,0.0,0.0,0.0,0.0,1.0,0.0
163,DISH,2.8,2.6,2.6,2.4,2.7,2.9,0.0,0.0,0.0,1.0,0.0,0.0,0.0,1.0,0.0,0.0,1.0,0.0,0.0,0.0,0.0,0.0
164,GEICO,3.2,3.2,2.9,2.9,3.8,3.5,0.0,0.0,0.0,1.0,0.0,0.0,0.0,1.0,0.0,1.0,0.0,0.0,0.0,0.0,0.0,0.0
165,UnitedHealth Group,3.4,3.4,3.4,2.9,3.3,3.2,0.0,0.0,0.0,1.0,0.0,0.0,0.0,1.0,0.0,0.0,0.0,0.0,1.0,0.0,0.0,0.0
166,Horizon Blue Cross Blue Shield of New Jersey,3.3,3.3,3.4,2.7,3.6,2.9,0.0,0.0,0.0,1.0,0.0,0.0,1.0,0.0,0.0,1.0,0.0,0.0,0.0,0.0,0.0,0.0
167,Visiting Nurse Service of New York,3.6,3.5,3.5,3.3,3.7,3.5,0.0,1.0,0.0,0.0,0.0,0.0,0.0,1.0,0.0,0.0,0.0,0.0,1.0,0.0,0.0,0.0
168,Altice,2.5,2.4,2.6,2.2,3.0,2.4,1.0,0.0,0.0,0.0,0.0,0.0,0.0,1.0,0.0,0.0,1.0,0.0,0.0,0.0,0.0,0.0
169,Sanofi,3.6,3.4,3.5,3.0,3.8,3.2,0.0,0.0,0.0,1.0,0.0,0.0,0.0,1.0,0.0,0.0,0.0,0.0,1.0,0.0,0.0,0.0
170,Madison Square Garden,3.0,2.6,3.2,2.4,3.1,2.6,0.0,0.0,1.0,0.0,0.0,0.0,1.0,0.0,0.0,0.0,0.0,0.0,0.0,0.0,1.0,0.0
171,Insight Global,4.1,4.1,3.8,4.1,3.7,4.2,0.0,0.0,1.0,0.0,0.0,1.0,0.0,0.0,1.0,0.0,0.0,0.0,0.0,0.0,0.0,0.0
172,New York City Department of Parks and Recreation,3.8,3.7,3.8,2.9,3.8,3.6,1.0,0.0,0.0,0.0,0.0,0.0,1.0,0.0,0.0,0.0,0.0,0.0,0.0,0.0,0.0,1.0
173,BD,3.5,3.5,3.3,2.9,3.6,3.2,0.0,0.0,0.0,1.0,0.0,0.0,0.0,1.0,0.0,0.0,0.0,0.0,1.0,0.0,0.0,0.0
174,Sony Music Entertainment,4.2,4.0,3.7,3.7,4.0,3.5,0.0,0.0,1.0,0.0,0.0,0.0,1.0,0.0,0.0,0.0,0.0,0.0,0.0,0.0,1.0,0.0
175,Canon U.S.A.,2.9,2.9,3.0,2.4,3.2,2.4,0.0,1.0,0.0,0.0,0.0,0.0,0.0,1.0,0.0,0.0,1.0,0.0,0.0,0.0,0.0,0.0
176,Delta Air Lines,4.2,4.1,3.7,3.7,4.2,4.0,0.0,0.0,0.0,1.0,0.0,0.0,0.0,1.0,1.0,0.0,0.0,0.0,0.0,0.0,0.0,0.0
177,Power Home Remodeling,4.6,4.8,3.7,4.7,4.6,4.7,0.0,1.0,0.0,0.0,0.0,1.0,0.0,0.0,1.0,0.0,0.0,0.0,0.0,0.0,0.0,0.0
178,Oracle,3.5,3.2,3.9,2.9,3.2,3.2,0.0,0.0,0.0,1.0,0.0,0.0,0.0,1.0,0.0,0.0,1.0,0.0,0.0,0.0,0.0,0.0
179,J. C. Penney,3.1,3.2,3.1,2.7,2.9,2.9,0.0,0.0,0.0,1.0,0.0,0.0,0.0,1.0,0.0,0.0,0.0,1.0,0.0,0.0,0.0,0.0
180,Chubb,3.4,3.2,3.3,2.9,3.5,3.1,0.0,0.0,0.0,1.0,0.0,0.0,0.0,1.0,0.0,1.0,0.0,0.0,0.0,0.0,0.0,0.0
181,Microsoft,4.2,4.1,3.9,3.6,4.1,3.9,0.0,0.0,0.0,1.0,0.0,0.0,0.0,1.0,0.0,0.0,1.0,0.0,0.0,0.0,0.0,0.0
182,Regeneron Pharmaceuticals,3.7,3.6,3.3,3.3,4.1,3.6,0.0,0.0,1.0,0.0,0.0,0.0,1.0,0.0,0.0,0.0,0.0,0.0,1.0,0.0,0.0,0.0
183,R/GA,3.3,3.3,3.1,2.5,3.3,3.1,0.0,1.0,0.0,0.0,0.0,1.0,0.0,0.0,0.0,1.0,0.0,0.0,0.0,0.0,0.0,0.0
184,Audible,3.5,3.7,4.0,2.9,3.8,3.4,1.0,0.0,0.0,0.0,0.0,1.0,0.0,0.0,0.0,0.0,0.0,0.0,0.0,0.0,1.0,0.0
185,RBC,3.5,3.7,3.8,3.2,3.6,3.3,0.0,0.0,0.0,1.0,0.0,0.0,0.0,1.0,0.0,1.0,0.0,0.0,0.0,0.0,0.0,0.0
186,Panera Bread,3.2,3.3,3.0,2.7,2.7,3.0,0.0,0.0,1.0,0.0,0.0,0.0,0.0,1.0,1.0,0.0,0.0,0.0,0.0,0.0,0.0,0.0
187,Capri Holdings,3.5,3.4,3.3,3.1,3.4,3.1,0.0,0.0,1.0,0.0,0.0,0.0,1.0,0.0,0.0,0.0,0.0,1.0,0.0,0.0,0.0,0.0
188,Zocdoc,3.5,3.9,3.8,3.2,3.5,3.3,1.0,0.0,0.0,0.0,1.0,0.0,0.0,0.0,0.0,0.0,1.0,0.0,0.0,0.0,0.0,0.0
189,AMC Entertainment,3.2,3.2,3.1,2.9,2.7,2.8,0.0,0.0,1.0,0.0,0.0,0.0,0.0,1.0,0.0,0.0,0.0,0.0,0.0,0.0,1.0,0.0
190,AOL,3.7,3.8,3.9,3.1,3.8,3.1,0.0,0.0,1.0,0.0,0.0,0.0,1.0,0.0,1.0,0.0,0.0,0.0,0.0,0.0,0.0,0.0
191,Grey Group,3.4,3.3,2.9,2.8,2.8,3.0,0.0,1.0,0.0,0.0,0.0,0.0,1.0,0.0,0.0,1.0,0.0,0.0,0.0,0.0,0.0,0.0
192,Capgemini,3.4,3.5,3.4,3.1,3.3,3.4,0.0,0.0,0.0,1.0,0.0,0.0,0.0,1.0,0.0,0.0,1.0,0.0,0.0,0.0,0.0,0.0
193,TIAA,3.0,2.9,3.1,2.3,3.7,2.6,0.0,1.0,0.0,0.0,0.0,0.0,1.0,0.0,0.0,1.0,0.0,0.0,0.0,0.0,0.0,0.0
194,Panasonic,3.5,3.6,3.5,3.0,3.8,3.3,0.0,0.0,0.0,1.0,0.0,0.0,0.0,1.0,1.0,0.0,0.0,0.0,0.0,0.0,0.0,0.0
195,GameStop,2.9,2.7,2.9,2.6,2.3,2.6,0.0,0.0,1.0,0.0,0.0,0.0,0.0,1.0,1.0,0.0,0.0,0.0,0.0,0.0,0.0,0.0
196,Capco,3.8,3.9,3.8,3.6,3.9,3.8,0.0,1.0,0.0,0.0,0.0,0.0,1.0,0.0,1.0,0.0,0.0,0.0,0.0,0.0,0.0,0.0
197,Samsung Electronics America,2.9,2.4,2.4,2.3,3.9,2.7,0.0,0.0,0.0,1.0,0.0,1.0,0.0,0.0,0.0,0.0,1.0,0.0,0.0,0.0,0.0,0.0
198,Dow Jones,3.4,3.2,3.8,2.7,3.3,2.7,0.0,1.0,0.0,0.0,0.0,0.0,1.0,0.0,0.0,0.0,0.0,0.0,0.0,0.0,1.0,0.0
199,Modell's Sporting Goods,3.2,3.2,3.1,2.7,2.5,2.8,0.0,1.0,0.0,0.0,0.0,0.0,1.0,0.0,1.0,0.0,0.0,0.0,0.0,0.0,0.0,0.0
200,Stevens Institute of Technology,4.3,4.1,4.0,3.9,3.8,3.9,0.0,1.0,0.0,0.0,1.0,0.0,0.0,0.0,0.0,0.0,0.0,0.0,0.0,1.0,0.0,0.0
201,Nomura Holdings,3.7,3.6,3.6,3.1,3.4,3.2,0.0,0.0,0.0,1.0,0.0,0.0,0.0,1.0,0.0,1.0,0.0,0.0,0.0,0.0,0.0,0.0
202,Benjamin Moore,3.4,3.5,3.5,3.1,3.2,2.8,0.0,0.0,1.0,0.0,0.0,1.0,0.0,0.0,1.0,0.0,0.0,0.0,0.0,0.0,0.0,0.0
203,PSEG,3.5,3.0,3.3,2.9,4.0,3.3,0.0,0.0,1.0,0.0,0.0,0.0,0.0,1.0,0.0,0.0,0.0,0.0,0.0,0.0,0.0,1.0
204,Major League Baseball (MLB),3.1,2.9,2.8,2.5,3.0,2.6,1.0,0.0,0.0,0.0,1.0,0.0,0.0,0.0,0.0,0.0,0.0,0.0,0.0,0.0,1.0,0.0
205,Stryker,3.9,4.0,3.6,3.5,3.9,3.8,0.0,0.0,0.0,1.0,0.0,0.0,0.0,1.0,0.0,0.0,0.0,0.0,1.0,0.0,0.0,0.0
206,Hollister Co.,3.4,3.3,3.6,2.9,2.6,2.7,1.0,0.0,0.0,0.0,0.0,0.0,1.0,0.0,1.0,0.0,0.0,0.0,0.0,0.0,0.0,0.0
207,Zara,3.2,2.9,2.6,2.5,3.1,3.1,0.0,0.0,1.0,0.0,0.0,0.0,0.0,1.0,0.0,0.0,0.0,1.0,0.0,0.0,0.0,0.0
208,Quest Diagnostics,3.3,3.1,3.1,2.7,3.3,3.0,0.0,0.0,1.0,0.0,0.0,0.0,0.0,1.0,0.0,0.0,0.0,0.0,1.0,0.0,0.0,0.0
209,WeWork,3.4,3.5,3.1,2.9,3.4,3.5,1.0,0.0,0.0,0.0,0.0,0.0,0.0,1.0,1.0,0.0,0.0,0.0,0.0,0.0,0.0,0.0
210,City of New York,3.2,2.9,3.3,2.7,3.7,3.0,1.0,0.0,0.0,0.0,0.0,0.0,0.0,1.0,0.0,0.0,0.0,0.0,0.0,0.0,0.0,1.0
211,Xerox,2.8,2.7,3.2,2.3,2.7,2.4,0.0,0.0,0.0,1.0,0.0,0.0,0.0,1.0,0.0,0.0,1.0,0.0,0.0,0.0,0.0,0.0
212,SHI International,3.3,3.4,3.2,2.9,2.9,3.3,0.0,0.0,1.0,0.0,0.0,1.0,0.0,0.0,0.0,0.0,1.0,0.0,0.0,0.0,0.0,0.0
213,Penguin Random House,3.8,3.9,3.8,3.4,3.6,3.3,0.0,0.0,1.0,0.0,0.0,1.0,0.0,0.0,1.0,0.0,0.0,0.0,0.0,0.0,0.0,0.0
214,Crothall Healthcare,4.3,4.3,3.8,4.2,3.8,4.4,0.0,0.0,1.0,0.0,0.0,0.0,0.0,1.0,1.0,0.0,0.0,0.0,0.0,0.0,0.0,0.0
215,BJ's Wholesale Club,2.8,2.7,2.7,2.5,2.7,2.8,0.0,0.0,0.0,1.0,0.0,0.0,0.0,1.0,1.0,0.0,0.0,0.0,0.0,0.0,0.0,0.0
216,CIT,3.1,3.0,3.4,2.9,3.2,2.9,0.0,0.0,1.0,0.0,0.0,1.0,0.0,0.0,0.0,1.0,0.0,0.0,0.0,0.0,0.0,0.0
217,Ross Stores,3.2,3.1,3.1,2.9,3.1,3.2,0.0,0.0,0.0,1.0,0.0,0.0,0.0,1.0,0.0,0.0,0.0,1.0,0.0,0.0,0.0,0.0
218,First Data,2.9,2.7,2.8,2.5,2.9,2.8,0.0,0.0,0.0,1.0,0.0,0.0,0.0,1.0,0.0,1.0,0.0,0.0,0.0,0.0,0.0,0.0
219,iCIMS,4.6,4.7,4.5,4.4,4.4,4.6,0.0,1.0,0.0,0.0,1.0,0.0,0.0,0.0,0.0,0.0,1.0,0.0,0.0,0.0,0.0,0.0
220,S&P Global,3.5,3.5,3.9,3.1,3.5,3.0,0.0,0.0,1.0,0.0,0.0,0.0,0.0,1.0,0.0,1.0,0.0,0.0,0.0,0.0,0.0,0.0
221,Mercer,3.4,3.4,3.4,2.9,3.1,3.2,0.0,0.0,1.0,0.0,0.0,0.0,0.0,1.0,1.0,0.0,0.0,0.0,0.0,0.0,0.0,0.0
222,Strategic Financial Solutions,3.8,4.0,3.5,3.8,3.7,3.7,1.0,0.0,0.0,0.0,1.0,0.0,0.0,0.0,0.0,1.0,0.0,0.0,0.0,0.0,0.0,0.0
223,Burlington Stores,2.9,2.9,2.9,2.6,2.5,2.6,0.0,0.0,1.0,0.0,0.0,0.0,0.0,1.0,0.0,0.0,0.0,1.0,0.0,0.0,0.0,0.0
224,Compass,4.3,4.4,4.1,4.1,4.4,4.3,0.0,1.0,0.0,0.0,0.0,1.0,0.0,0.0,0.0,0.0,1.0,0.0,0.0,0.0,0.0,0.0
225,United Airlines,4.0,3.8,3.6,3.4,4.0,3.9,0.0,0.0,0.0,1.0,0.0,0.0,0.0,1.0,1.0,0.0,0.0,0.0,0.0,0.0,0.0,0.0
226,S&P Global Market Intelligence,3.5,3.7,3.9,3.1,3.4,3.0,1.0,0.0,0.0,0.0,0.0,0.0,0.0,1.0,0.0,1.0,0.0,0.0,0.0,0.0,0.0,0.0
227,Frank Recruitment Group,4.0,4.1,3.2,4.1,3.8,4.3,1.0,0.0,0.0,0.0,0.0,1.0,0.0,0.0,1.0,0.0,0.0,0.0,0.0,0.0,0.0,0.0
228,Fordham University,4.1,3.9,3.7,3.2,3.3,3.3,0.0,1.0,0.0,0.0,0.0,1.0,0.0,0.0,0.0,0.0,0.0,0.0,0.0,1.0,0.0,0.0
229,New York & Company,2.6,2.5,2.4,2.3,2.4,2.6,0.0,1.0,0.0,0.0,0.0,0.0,1.0,0.0,0.0,0.0,0.0,1.0,0.0,0.0,0.0,0.0
230,Pace University,3.9,3.6,3.7,3.2,3.2,3.2,0.0,1.0,0.0,0.0,0.0,1.0,0.0,0.0,0.0,0.0,0.0,0.0,0.0,1.0,0.0,0.0
231,Spectrum,2.9,2.6,2.8,2.4,3.6,3.0,1.0,0.0,0.0,0.0,1.0,0.0,0.0,0.0,0.0,0.0,1.0,0.0,0.0,0.0,0.0,0.0
232,AECOM,3.2,3.1,3.2,2.7,3.2,3.1,0.0,0.0,0.0,1.0,0.0,0.0,0.0,1.0,1.0,0.0,0.0,0.0,0.0,0.0,0.0,0.0
233,FactSet,3.8,3.9,4.2,3.3,3.4,3.4,0.0,0.0,1.0,0.0,0.0,0.0,1.0,0.0,0.0,1.0,0.0,0.0,0.0,0.0,0.0,0.0
234,Dun & Bradstreet,3.1,3.2,3.5,2.7,3.4,2.9,0.0,0.0,1.0,0.0,1.0,0.0,0.0,0.0,0.0,0.0,1.0,0.0,0.0,0.0,0.0,0.0
235,Costco Wholesale,4.0,3.9,3.5,3.4,4.3,3.8,0.0,0.0,0.0,1.0,0.0,0.0,0.0,1.0,1.0,0.0,0.0,0.0,0.0,0.0,0.0,0.0
236,Avaya,3.3,3.2,3.7,2.7,3.4,3.0,0.0,0.0,1.0,0.0,0.0,0.0,1.0,0.0,0.0,0.0,1.0,0.0,0.0,0.0,0.0,0.0
237,RB,3.3,3.1,2.7,2.9,3.5,3.6,0.0,0.0,0.0,1.0,0.0,0.0,0.0,1.0,1.0,0.0,0.0,0.0,0.0,0.0,0.0,0.0
238,Guardian Life,3.4,3.3,3.7,2.9,3.6,3.3,0.0,0.0,1.0,0.0,0.0,0.0,1.0,0.0,0.0,1.0,0.0,0.0,0.0,0.0,0.0,0.0
239,SiriusXM,3.0,2.7,2.9,2.4,3.1,2.5,0.0,0.0,1.0,0.0,0.0,1.0,0.0,0.0,0.0,0.0,0.0,0.0,0.0,0.0,1.0,0.0
240,Coty,2.6,2.5,3.0,2.2,3.1,2.4,0.0,0.0,0.0,1.0,0.0,0.0,0.0,1.0,1.0,0.0,0.0,0.0,0.0,0.0,0.0,0.0
241,New School,3.6,3.3,3.6,2.9,3.0,3.0,0.0,1.0,0.0,0.0,0.0,1.0,0.0,0.0,0.0,0.0,0.0,0.0,0.0,1.0,0.0,0.0
242,Jefferies,3.4,3.2,3.1,3.3,3.5,3.3,0.0,0.0,1.0,0.0,0.0,1.0,0.0,0.0,0.0,1.0,0.0,0.0,0.0,0.0,0.0,0.0
243,YAI - Seeing beyond disability,3.3,3.6,3.4,2.9,3.2,3.4,0.0,1.0,0.0,0.0,0.0,0.0,1.0,0.0,0.0,0.0,0.0,0.0,0.0,0.0,0.0,1.0
244,Mavis Discount Tire,4.1,4.0,3.7,4.0,4.0,4.1,1.0,0.0,0.0,0.0,0.0,1.0,0.0,0.0,1.0,0.0,0.0,0.0,0.0,0.0,0.0,0.0
245,FreshDirect,3.1,3.1,2.8,2.7,3.0,3.1,0.0,1.0,0.0,0.0,0.0,1.0,0.0,0.0,0.0,1.0,0.0,0.0,0.0,0.0,0.0,0.0
246,NIKE,3.9,4.1,3.7,3.3,3.7,3.4,0.0,0.0,0.0,1.0,0.0,0.0,0.0,1.0,1.0,0.0,0.0,0.0,0.0,0.0,0.0,0.0
247,BASF,3.5,3.3,3.4,3.0,4.2,3.4,0.0,0.0,1.0,0.0,0.0,0.0,0.0,1.0,1.0,0.0,0.0,0.0,0.0,0.0,0.0,0.0
248,Medidata Solutions,4.3,4.5,4.4,4.1,4.2,4.2,0.0,1.0,0.0,0.0,0.0,1.0,0.0,0.0,0.0,0.0,1.0,0.0,0.0,0.0,0.0,0.0
249,New York Police Department,3.3,2.9,2.8,2.5,3.6,3.6,0.0,0.0,1.0,0.0,0.0,0.0,0.0,1.0,0.0,0.0,0.0,0.0,0.0,0.0,0.0,1.0
250,Federal Reserve Bank (NY),3.8,3.7,4.4,3.4,4.0,3.4,0.0,0.0,0.0,1.0,0.0,1.0,0.0,0.0,0.0,1.0,0.0,0.0,0.0,0.0,0.0,0.0
251,Port Authority of New York and New Jersey,3.0,3.1,3.9,2.2,2.8,2.9,0.0,0.0,1.0,0.0,0.0,0.0,1.0,0.0,1.0,0.0,0.0,0.0,0.0,0.0,0.0,0.0
252,WebMD Health,2.6,2.5,3.0,2.1,2.8,2.3,0.0,1.0,0.0,0.0,0.0,1.0,0.0,0.0,0.0,0.0,1.0,0.0,0.0,0.0,0.0,0.0
253,RadioShack,3.0,2.8,2.9,2.3,2.5,2.5,1.0,0.0,0.0,0.0,0.0,0.0,1.0,0.0,1.0,0.0,0.0,0.0,0.0,0.0,0.0,0.0
254,Express,3.3,3.3,3.2,2.9,2.6,2.9,0.0,0.0,1.0,0.0,0.0,0.0,0.0,1.0,0.0,0.0,0.0,1.0,0.0,0.0,0.0,0.0
255,Publicis,3.5,3.3,3.3,3.1,3.0,3.3,0.0,0.0,1.0,0.0,0.0,0.0,0.0,1.0,0.0,1.0,0.0,0.0,0.0,0.0,0.0,0.0
256,American Apparel,3.3,3.5,3.3,2.7,3.1,3.0,0.0,1.0,0.0,0.0,0.0,1.0,0.0,0.0,1.0,0.0,0.0,0.0,0.0,0.0,0.0,0.0
257,Shutterstock,2.8,2.7,3.2,2.4,3.4,2.7,0.0,1.0,0.0,0.0,0.0,1.0,0.0,0.0,0.0,0.0,1.0,0.0,0.0,0.0,0.0,0.0
258,New Jersey Institute of Technology,4.2,4.2,4.1,4.0,3.5,3.8,0.0,1.0,0.0,0.0,0.0,1.0,0.0,0.0,0.0,0.0,0.0,0.0,0.0,1.0,0.0,0.0
259,Aéropostale,3.5,3.7,3.2,3.1,2.9,3.2,0.0,0.0,1.0,0.0,0.0,0.0,0.0,1.0,0.0,0.0,0.0,1.0,0.0,0.0,0.0,0.0
260,Foot Locker,3.7,3.6,3.4,3.1,3.1,3.3,0.0,0.0,1.0,0.0,0.0,0.0,0.0,1.0,0.0,0.0,0.0,1.0,0.0,0.0,0.0,0.0
261,Handy,4.0,4.2,4.2,4.2,4.1,4.2,1.0,0.0,0.0,0.0,1.0,0.0,0.0,0.0,0.0,0.0,1.0,0.0,0.0,0.0,0.0,0.0
262,Bayer,4.0,3.9,4.0,3.3,4.0,3.5,0.0,0.0,0.0,1.0,0.0,0.0,0.0,1.0,0.0,0.0,0.0,0.0,1.0,0.0,0.0,0.0
263,Anthropologie,3.6,3.6,3.2,3.2,3.0,2.9,0.0,0.0,1.0,0.0,0.0,0.0,1.0,0.0,0.0,0.0,0.0,1.0,0.0,0.0,0.0,0.0
264,AppNexus,4.1,4.4,4.1,3.5,4.0,3.9,1.0,0.0,0.0,0.0,0.0,1.0,0.0,0.0,0.0,0.0,1.0,0.0,0.0,0.0,0.0,0.0
265,TJ Maxx,3.5,3.6,3.4,3.0,2.8,3.0,0.0,0.0,0.0,1.0,0.0,0.0,0.0,1.0,0.0,0.0,0.0,1.0,0.0,0.0,0.0,0.0
266,Salesforce,4.3,4.5,4.1,4.0,4.4,4.2,0.0,0.0,0.0,1.0,0.0,0.0,0.0,1.0,0.0,0.0,1.0,0.0,0.0,0.0,0.0,0.0
267,Marriott International,3.8,3.9,3.3,3.4,3.6,3.8,0.0,0.0,0.0,1.0,0.0,0.0,0.0,1.0,1.0,0.0,0.0,0.0,0.0,0.0,0.0,0.0
268,Santander,3.2,3.2,3.3,2.8,3.4,3.2,0.0,1.0,0.0,0.0,0.0,0.0,1.0,0.0,0.0,1.0,0.0,0.0,0.0,0.0,0.0,0.0
269,DTCC,3.5,3.5,3.7,3.1,3.7,3.2,0.0,0.0,1.0,0.0,0.0,1.0,0.0,0.0,1.0,0.0,0.0,0.0,0.0,0.0,0.0,0.0
270,Allstate,3.4,3.4,3.5,3.0,3.2,3.2,0.0,0.0,0.0,1.0,0.0,0.0,0.0,1.0,1.0,0.0,0.0,0.0,0.0,0.0,0.0,0.0
271,Massage Envy,3.2,3.3,3.4,3.0,2.7,3.0,1.0,0.0,0.0,0.0,0.0,0.0,0.0,1.0,0.0,0.0,0.0,0.0,1.0,0.0,0.0,0.0
272,FDM Group,3.3,3.4,3.3,3.4,2.4,3.9,0.0,1.0,0.0,0.0,0.0,1.0,0.0,0.0,0.0,0.0,1.0,0.0,0.0,0.0,0.0,0.0
273,Columbia University Medical Center,3.7,3.3,3.7,3.2,3.7,3.4,0.0,1.0,0.0,0.0,0.0,0.0,1.0,0.0,0.0,0.0,0.0,0.0,1.0,0.0,0.0,0.0
274,Christie's,3.6,3.5,3.1,3.1,2.9,3.0,0.0,0.0,1.0,0.0,0.0,1.0,0.0,0.0,0.0,0.0,0.0,0.0,0.0,0.0,1.0,0.0
275,Horizon Media,3.4,3.7,2.6,3.0,3.2,3.4,1.0,0.0,0.0,0.0,0.0,1.0,0.0,0.0,0.0,1.0,0.0,0.0,0.0,0.0,0.0,0.0
276,Applebee's,3.2,3.1,2.9,2.9,2.7,2.9,0.0,0.0,1.0,0.0,0.0,0.0,0.0,1.0,1.0,0.0,0.0,0.0,0.0,0.0,0.0,0.0
277,Express Scripts,3.2,3.1,3.1,2.9,3.4,2.9,1.0,0.0,0.0,0.0,0.0,0.0,0.0,1.0,0.0,0.0,0.0,0.0,1.0,0.0,0.0,0.0
278,Mindshare,3.5,3.6,3.2,3.2,3.1,3.4,1.0,0.0,0.0,0.0,0.0,0.0,1.0,0.0,0.0,0.0,0.0,0.0,0.0,0.0,1.0,0.0
279,PNC Financial Services Group,3.4,3.6,3.6,3.1,3.3,3.4,0.0,0.0,0.0,1.0,0.0,0.0,0.0,1.0,0.0,1.0,0.0,0.0,0.0,0.0,0.0,0.0
280,DSW,3.2,3.2,3.2,2.8,2.8,2.8,0.0,0.0,1.0,0.0,0.0,0.0,0.0,1.0,0.0,0.0,0.0,1.0,0.0,0.0,0.0,0.0
281,Avis Budget Group,2.9,2.8,2.8,2.5,2.9,2.7,0.0,0.0,1.0,0.0,0.0,0.0,0.0,1.0,1.0,0.0,0.0,0.0,0.0,0.0,0.0,0.0
282,McGraw-Hill,3.5,3.4,3.8,2.8,3.5,3.1,0.0,0.0,1.0,0.0,0.0,1.0,0.0,0.0,0.0,0.0,0.0,0.0,0.0,1.0,0.0,0.0
283,Vonage,3.4,3.3,3.5,3.2,3.6,3.3,0.0,0.0,1.0,0.0,0.0,1.0,0.0,0.0,0.0,0.0,1.0,0.0,0.0,0.0,0.0,0.0
284,Comodo,2.6,2.5,2.9,2.4,2.7,2.7,1.0,0.0,0.0,0.0,1.0,0.0,0.0,0.0,0.0,1.0,0.0,0.0,0.0,0.0,0.0,0.0
285,Atlantic Health System,3.6,3.6,3.4,3.0,3.5,3.5,0.0,0.0,1.0,0.0,0.0,0.0,0.0,1.0,0.0,0.0,0.0,0.0,1.0,0.0,0.0,0.0
286,New York City Department of Health & Mental Hygiene,3.5,3.4,3.9,3.0,3.5,3.2,1.0,0.0,0.0,0.0,0.0,0.0,1.0,0.0,0.0,0.0,0.0,0.0,0.0,0.0,0.0,1.0
287,Yext,4.0,4.2,4.0,4.1,3.9,3.9,0.0,1.0,0.0,0.0,0.0,1.0,0.0,0.0,0.0,0.0,1.0,0.0,0.0,0.0,0.0,0.0
288,OTG Management,2.5,2.3,2.3,2.3,2.7,2.7,1.0,0.0,0.0,0.0,0.0,1.0,0.0,0.0,1.0,0.0,0.0,0.0,0.0,0.0,0.0,0.0
289,CITYMD,3.5,3.6,3.2,3.2,3.2,3.6,1.0,0.0,0.0,0.0,0.0,1.0,0.0,0.0,0.0,0.0,0.0,0.0,1.0,0.0,0.0,0.0
290,Marshalls,3.5,3.4,3.4,2.9,2.8,3.1,1.0,0.0,0.0,0.0,0.0,0.0,0.0,1.0,0.0,0.0,0.0,1.0,0.0,0.0,0.0,0.0
291,Celgene,4.0,4.0,3.6,3.3,4.3,3.7,0.0,0.0,0.0,1.0,0.0,0.0,1.0,0.0,0.0,0.0,0.0,0.0,1.0,0.0,0.0,0.0
292,AXA Equitable,3.4,3.4,3.7,2.9,3.6,3.3,0.0,1.0,0.0,0.0,0.0,1.0,0.0,0.0,0.0,1.0,0.0,0.0,0.0,0.0,0.0,0.0
293,US Army,3.9,3.9,2.7,3.2,4.3,4.2,1.0,0.0,0.0,0.0,0.0,0.0,0.0,1.0,1.0,0.0,0.0,0.0,0.0,0.0,0.0,0.0
294,Genpact,3.5,3.6,3.6,3.2,2.8,3.6,0.0,0.0,1.0,0.0,0.0,0.0,0.0,1.0,0.0,0.0,1.0,0.0,0.0,0.0,0.0,0.0
295,Commvault,3.3,3.4,3.6,2.6,3.5,3.1,0.0,1.0,0.0,0.0,0.0,1.0,0.0,0.0,0.0,0.0,1.0,0.0,0.0,0.0,0.0,0.0
296,BBDO,3.6,3.3,2.9,3.1,3.0,3.3,0.0,1.0,0.0,0.0,0.0,0.0,0.0,1.0,0.0,1.0,0.0,0.0,0.0,0.0,0.0,0.0
297,MediaMath,3.6,3.5,4.1,3.0,3.7,3.4,0.0,1.0,0.0,0.0,1.0,0.0,0.0,0.0,0.0,1.0,0.0,0.0,0.0,0.0,0.0,0.0
298,Bain & Company,4.6,4.7,3.6,4.5,4.6,4.7,0.0,0.0,1.0,0.0,0.0,0.0,1.0,0.0,1.0,0.0,0.0,0.0,0.0,0.0,0.0,0.0
299,Achievement First,3.6,3.5,2.4,3.2,3.9,3.7,1.0,0.0,0.0,0.0,0.0,1.0,0.0,0.0,0.0,0.0,0.0,0.0,0.0,1.0,0.0,0.0
300,NYSE,3.4,2.8,3.0,2.8,3.5,2.9,1.0,0.0,0.0,0.0,0.0,1.0,0.0,0.0,0.0,1.0,0.0,0.0,0.0,0.0,0.0,0.0
301,Amplify,3.4,3.4,3.7,2.7,3.7,3.5,0.0,1.0,0.0,0.0,1.0,0.0,0.0,0.0,0.0,0.0,0.0,0.0,0.0,1.0,0.0,0.0
302,Dollar Tree,2.8,2.5,2.5,2.4,2.2,2.7,0.0,0.0,0.0,1.0,0.0,0.0,0.0,1.0,1.0,0.0,0.0,0.0,0.0,0.0,0.0,0.0
303,XO Group,3.7,4.1,4.2,3.5,3.2,3.7,0.0,1.0,0.0,0.0,1.0,0.0,0.0,0.0,0.0,0.0,1.0,0.0,0.0,0.0,0.0,0.0
304,A+E Networks,2.9,2.7,3.4,2.3,3.2,2.4,0.0,0.0,1.0,0.0,0.0,1.0,0.0,0.0,0.0,0.0,0.0,0.0,0.0,0.0,1.0,0.0
305,Ladders,4.0,3.7,3.6,3.7,3.7,3.6,1.0,0.0,0.0,0.0,1.0,0.0,0.0,0.0,0.0,0.0,1.0,0.0,0.0,0.0,0.0,0.0
306,Aramark,3.0,2.8,3.0,2.5,2.9,2.9,0.0,0.0,0.0,1.0,0.0,0.0,0.0,1.0,1.0,0.0,0.0,0.0,0.0,0.0,0.0,0.0
307,Publicis Sapient,3.6,3.7,3.3,3.1,3.6,3.5,1.0,0.0,0.0,0.0,0.0,0.0,0.0,1.0,1.0,0.0,0.0,0.0,0.0,0.0,0.0,0.0
308,FedEx Ground,3.4,3.2,3.2,3.1,3.4,3.4,0.0,0.0,0.0,1.0,0.0,0.0,0.0,1.0,0.0,1.0,0.0,0.0,0.0,0.0,0.0,0.0
309,Williams Lea Tag,2.7,2.5,3.0,2.4,2.5,2.5,1.0,0.0,0.0,0.0,0.0,0.0,0.0,1.0,0.0,1.0,0.0,0.0,0.0,0.0,0.0,0.0
310,Brown Brothers Harriman,3.2,3.6,3.2,3.1,2.9,3.0,0.0,0.0,1.0,0.0,0.0,1.0,0.0,0.0,0.0,1.0,0.0,0.0,0.0,0.0,0.0,0.0
311,GLG,3.0,2.8,2.8,2.7,3.1,2.8,1.0,0.0,0.0,0.0,0.0,1.0,0.0,0.0,1.0,0.0,0.0,0.0,0.0,0.0,0.0,0.0
312,Univision,3.1,3.2,2.8,2.6,3.0,3.0,0.0,0.0,1.0,0.0,0.0,1.0,0.0,0.0,0.0,0.0,0.0,0.0,0.0,0.0,1.0,0.0
313,Huge,3.3,3.5,3.7,2.8,3.8,3.1,0.0,1.0,0.0,0.0,0.0,1.0,0.0,0.0,0.0,0.0,1.0,0.0,0.0,0.0,0.0,0.0
314,Protiviti,3.8,3.9,3.7,3.5,3.3,3.7,0.0,1.0,0.0,0.0,0.0,1.0,0.0,0.0,1.0,0.0,0.0,0.0,0.0,0.0,0.0,0.0
315,Havas Worldwide,3.3,3.2,3.1,2.8,2.9,2.9,1.0,0.0,0.0,0.0,0.0,0.0,0.0,1.0,0.0,1.0,0.0,0.0,0.0,0.0,0.0,0.0
316,Cisco Systems,4.0,4.0,4.2,3.5,4.0,3.8,0.0,0.0,0.0,1.0,0.0,0.0,0.0,1.0,0.0,0.0,1.0,0.0,0.0,0.0,0.0,0.0
317,FOX News,3.3,2.9,3.2,2.9,3.6,3.4,0.0,1.0,0.0,0.0,1.0,0.0,0.0,0.0,0.0,0.0,0.0,0.0,0.0,0.0,1.0,0.0
318,ALM,2.6,2.4,2.8,2.4,2.7,2.3,0.0,1.0,0.0,0.0,1.0,0.0,0.0,0.0,1.0,0.0,0.0,0.0,0.0,0.0,0.0,0.0
319,Research Foundation of CUNY,4.2,4.1,4.4,3.8,3.8,3.3,0.0,1.0,0.0,0.0,0.0,0.0,0.0,1.0,0.0,0.0,0.0,0.0,0.0,1.0,0.0,0.0
320,Michaels,3.2,3.2,3.1,2.8,2.6,2.8,0.0,0.0,1.0,0.0,0.0,0.0,0.0,1.0,1.0,0.0,0.0,0.0,0.0,0.0,0.0,0.0
321,Six Flags,3.4,3.5,3.2,3.1,3.2,3.2,0.0,0.0,1.0,0.0,0.0,1.0,0.0,0.0,0.0,0.0,0.0,0.0,0.0,0.0,1.0,0.0
322,Tory Burch,3.1,3.1,2.8,2.5,3.2,2.6,0.0,0.0,1.0,0.0,0.0,1.0,0.0,0.0,0.0,0.0,0.0,1.0,0.0,0.0,0.0,0.0
323,The Nature's Bounty Co.,2.8,2.7,3.1,2.5,3.2,2.5,0.0,0.0,1.0,0.0,0.0,1.0,0.0,0.0,1.0,0.0,0.0,0.0,0.0,0.0,0.0,0.0
324,City College of New York,3.9,4.0,4.1,3.0,3.0,3.3,1.0,0.0,0.0,0.0,1.0,0.0,0.0,0.0,0.0,0.0,0.0,0.0,0.0,1.0,0.0,0.0
325,Postmates,3.2,3.1,3.0,2.6,3.6,3.3,1.0,0.0,0.0,0.0,0.0,1.0,0.0,0.0,1.0,0.0,0.0,0.0,0.0,0.0,0.0,0.0
326,Macquarie Group,3.9,4.3,3.7,3.7,3.8,3.7,0.0,0.0,1.0,0.0,0.0,0.0,0.0,1.0,0.0,1.0,0.0,0.0,0.0,0.0,0.0,0.0
327,McCann Worldgroup,3.3,3.2,2.6,2.8,3.0,3.0,0.0,1.0,0.0,0.0,0.0,0.0,0.0,1.0,0.0,1.0,0.0,0.0,0.0,0.0,0.0,0.0
328,Cantor Fitzgerald,2.7,2.3,2.6,2.5,2.5,2.5,0.0,0.0,1.0,0.0,0.0,1.0,0.0,0.0,0.0,1.0,0.0,0.0,0.0,0.0,0.0,0.0
329,Wolters Kluwer,3.2,3.1,3.5,2.7,3.2,2.7,0.0,0.0,1.0,0.0,0.0,0.0,0.0,1.0,1.0,0.0,0.0,0.0,0.0,0.0,0.0,0.0
330,Cushman & Wakefield,3.5,3.3,3.4,3.2,3.2,3.1,1.0,0.0,0.0,0.0,0.0,0.0,0.0,1.0,1.0,0.0,0.0,0.0,0.0,0.0,0.0,0.0
331,St. John's University,4.0,3.9,4.2,3.3,3.3,3.5,0.0,1.0,0.0,0.0,0.0,1.0,0.0,0.0,0.0,0.0,0.0,0.0,0.0,1.0,0.0,0.0
332,Party City,2.8,2.7,3.0,2.5,2.5,2.6,1.0,0.0,0.0,0.0,1.0,0.0,0.0,0.0,0.0,0.0,0.0,1.0,0.0,0.0,0.0,0.0
333,Meredith Corporation,3.2,3.3,3.8,2.9,3.5,3.1,0.0,0.0,1.0,0.0,0.0,0.0,1.0,0.0,1.0,0.0,0.0,0.0,0.0,0.0,0.0,0.0
334,Uncommon Schools,3.1,3.2,2.1,2.8,3.7,3.6,1.0,0.0,0.0,0.0,0.0,1.0,0.0,0.0,0.0,0.0,0.0,0.0,0.0,1.0,0.0,0.0
335,Bethpage Federal Credit Union,4.7,4.9,4.5,4.7,4.5,4.6,1.0,0.0,0.0,0.0,1.0,0.0,0.0,0.0,0.0,1.0,0.0,0.0,0.0,0.0,0.0,0.0
336,FedEx,3.7,3.7,3.6,3.2,3.6,3.5,0.0,0.0,0.0,1.0,0.0,0.0,0.0,1.0,1.0,0.0,0.0,0.0,0.0,0.0,0.0,0.0
337,Mondelēz International,3.7,3.5,3.5,3.0,3.7,3.3,0.0,0.0,0.0,1.0,0.0,0.0,0.0,1.0,1.0,0.0,0.0,0.0,0.0,0.0,0.0,0.0
338,Teach for America,3.8,4.0,3.1,3.3,3.5,3.7,0.0,1.0,0.0,0.0,0.0,1.0,0.0,0.0,0.0,0.0,0.0,0.0,0.0,1.0,0.0,0.0
339,Henry Schein,3.9,4.0,4.1,3.7,3.7,3.7,0.0,0.0,1.0,0.0,0.0,0.0,0.0,1.0,1.0,0.0,0.0,0.0,0.0,0.0,0.0,0.0
340,Metropolitan Museum of Art,3.4,3.3,3.2,2.7,3.0,2.5,0.0,1.0,0.0,0.0,0.0,1.0,0.0,0.0,0.0,0.0,0.0,0.0,0.0,0.0,0.0,1.0
341,5W Public Relations,3.9,3.7,3.5,3.7,3.8,3.9,1.0,0.0,0.0,0.0,1.0,0.0,0.0,0.0,0.0,1.0,0.0,0.0,0.0,0.0,0.0,0.0
342,SCO Family of Services,2.9,3.0,3.0,2.6,2.8,2.9,0.0,1.0,0.0,0.0,0.0,1.0,0.0,0.0,0.0,0.0,0.0,0.0,0.0,0.0,0.0,1.0
343,Bath & Body Works,3.6,3.7,3.2,3.1,3.5,3.2,0.0,0.0,1.0,0.0,0.0,0.0,0.0,1.0,1.0,0.0,0.0,0.0,0.0,0.0,0.0,0.0
344,Willis Towers Watson,3.5,3.7,3.5,3.1,3.3,3.2,0.0,0.0,0.0,1.0,0.0,0.0,0.0,1.0,1.0,0.0,0.0,0.0,0.0,0.0,0.0,0.0
345,OMD,3.2,3.1,2.9,2.7,2.6,3.1,0.0,0.0,0.0,1.0,0.0,0.0,0.0,1.0,0.0,1.0,0.0,0.0,0.0,0.0,0.0,0.0
346,Mizuho Financial Group,2.4,2.7,2.4,2.2,2.9,2.3,1.0,0.0,0.0,0.0,0.0,0.0,0.0,1.0,0.0,1.0,0.0,0.0,0.0,0.0,0.0,0.0
347,Everyday Health Group,3.3,3.2,3.9,3.2,3.6,3.0,0.0,1.0,0.0,0.0,1.0,0.0,0.0,0.0,1.0,0.0,0.0,0.0,0.0,0.0,0.0,0.0
348,Albert Einstein College of Medicine,3.8,3.6,3.8,3.1,3.5,3.7,0.0,1.0,0.0,0.0,0.0,1.0,0.0,0.0,0.0,0.0,0.0,0.0,0.0,1.0,0.0,0.0
349,Facebook,4.4,4.3,3.8,4.1,4.7,4.4,0.0,0.0,0.0,1.0,0.0,0.0,0.0,1.0,0.0,0.0,1.0,0.0,0.0,0.0,0.0,0.0
350,CBRE,3.6,3.5,3.4,3.3,3.3,3.5,1.0,0.0,0.0,0.0,0.0,0.0,0.0,1.0,1.0,0.0,0.0,0.0,0.0,0.0,0.0,0.0
351,Fitch Ratings,3.3,3.2,4.0,3.0,2.8,3.0,0.0,1.0,0.0,0.0,0.0,1.0,0.0,0.0,0.0,1.0,0.0,0.0,0.0,0.0,0.0,0.0
352,Barneys,2.7,2.7,2.9,2.3,2.8,2.4,0.0,1.0,0.0,0.0,0.0,1.0,0.0,0.0,0.0,0.0,0.0,1.0,0.0,0.0,0.0,0.0
353,The Coca-Cola Company,3.8,3.6,3.5,3.2,3.8,3.5,0.0,0.0,0.0,1.0,0.0,0.0,0.0,1.0,1.0,0.0,0.0,0.0,0.0,0.0,0.0,0.0
354,LinkedIn,4.3,4.4,4.3,3.9,4.3,3.8,0.0,0.0,1.0,0.0,0.0,0.0,0.0,1.0,0.0,0.0,1.0,0.0,0.0,0.0,0.0,0.0
355,Oliver Wyman,4.3,4.4,3.2,3.9,4.2,4.1,1.0,0.0,0.0,0.0,0.0,1.0,0.0,0.0,1.0,0.0,0.0,0.0,0.0,0.0,0.0,0.0
356,Raymour & Flanigan,3.8,3.8,3.4,3.6,3.8,3.8,0.0,0.0,1.0,0.0,0.0,0.0,1.0,0.0,1.0,0.0,0.0,0.0,0.0,0.0,0.0,0.0
357,Verisk Analytics,3.4,3.6,3.9,3.2,3.2,3.1,0.0,0.0,1.0,0.0,0.0,0.0,1.0,0.0,1.0,0.0,0.0,0.0,0.0,0.0,0.0,0.0
358,Conduent,2.7,2.6,2.8,2.4,2.5,2.6,1.0,0.0,0.0,0.0,0.0,0.0,0.0,1.0,0.0,0.0,1.0,0.0,0.0,0.0,0.0,0.0
359,Ricoh USA,3.0,2.9,3.4,2.5,2.9,2.7,0.0,0.0,0.0,1.0,0.0,0.0,0.0,1.0,0.0,0.0,1.0,0.0,0.0,0.0,0.0,0.0
360,inVentiv Health,3.4,3.3,3.4,3.1,3.1,3.1,0.0,0.0,1.0,0.0,0.0,0.0,0.0,1.0,0.0,0.0,0.0,0.0,1.0,0.0,0.0,0.0
361,IPsoft,3.1,2.7,2.6,2.3,3.4,3.0,0.0,1.0,0.0,0.0,0.0,1.0,0.0,0.0,0.0,0.0,1.0,0.0,0.0,0.0,0.0,0.0
362,IQVIA,3.5,3.3,3.3,2.9,3.1,3.3,0.0,0.0,1.0,0.0,0.0,0.0,0.0,1.0,0.0,0.0,0.0,0.0,1.0,0.0,0.0,0.0
363,Adecco,3.4,3.3,3.2,3.1,3.0,3.2,0.0,0.0,0.0,1.0,0.0,0.0,0.0,1.0,1.0,0.0,0.0,0.0,0.0,0.0,0.0,0.0
364,360i,3.0,3.2,3.1,2.6,3.3,2.9,0.0,1.0,0.0,0.0,1.0,0.0,0.0,0.0,0.0,1.0,0.0,0.0,0.0,0.0,0.0,0.0
365,T3 Trading Group,3.5,3.5,3.7,3.4,2.7,3.1,1.0,0.0,0.0,0.0,1.0,0.0,0.0,0.0,1.0,0.0,0.0,0.0,0.0,0.0,0.0,0.0
366,Walt Disney Company,3.7,3.8,3.3,3.0,3.5,3.3,0.0,0.0,0.0,1.0,0.0,0.0,0.0,1.0,0.0,0.0,0.0,0.0,0.0,0.0,1.0,0.0
367,Marsh & McLennan Companies,3.4,3.3,3.3,3.1,3.4,3.1,0.0,0.0,0.0,1.0,0.0,0.0,0.0,1.0,1.0,0.0,0.0,0.0,0.0,0.0,0.0,0.0
368,Information Builders,3.2,3.2,3.4,2.7,2.8,2.8,1.0,0.0,0.0,0.0,0.0,1.0,0.0,0.0,0.0,0.0,1.0,0.0,0.0,0.0,0.0,0.0
369,IHS Markit,3.4,3.4,3.9,3.0,3.3,3.0,1.0,0.0,0.0,0.0,0.0,0.0,0.0,1.0,1.0,0.0,0.0,0.0,0.0,0.0,0.0,0.0
370,PageGroup,3.9,3.7,3.2,3.8,4.0,4.2,0.0,0.0,1.0,0.0,0.0,0.0,1.0,0.0,1.0,0.0,0.0,0.0,0.0,0.0,0.0,0.0
371,E*TRADE Financial,4.0,3.9,3.8,3.7,3.9,3.6,0.0,0.0,1.0,0.0,0.0,1.0,0.0,0.0,1.0,0.0,0.0,0.0,0.0,0.0,0.0,0.0
372,Oxford University Press,2.8,3.0,3.3,2.3,2.5,2.3,1.0,0.0,0.0,0.0,0.0,0.0,1.0,0.0,1.0,0.0,0.0,0.0,0.0,0.0,0.0,0.0
373,Club Monaco,3.4,3.4,3.3,2.7,2.6,2.7,1.0,0.0,0.0,0.0,1.0,0.0,0.0,0.0,0.0,0.0,0.0,1.0,0.0,0.0,0.0,0.0
374,Green Key Resources,4.6,4.4,4.5,4.4,4.0,4.4,1.0,0.0,0.0,0.0,1.0,0.0,0.0,0.0,1.0,0.0,0.0,0.0,0.0,0.0,0.0,0.0
375,Harlem Children's Zone,2.6,2.5,2.7,1.8,2.8,2.7,0.0,1.0,0.0,0.0,0.0,1.0,0.0,0.0,0.0,0.0,0.0,0.0,0.0,0.0,0.0,1.0
376,Global Brands Group,2.7,2.6,2.8,2.1,2.9,2.3,0.0,0.0,1.0,0.0,0.0,0.0,1.0,0.0,1.0,0.0,0.0,0.0,0.0,0.0,0.0,0.0
377,The Forum Group,3.8,3.7,3.7,3.7,3.6,3.7,1.0,0.0,0.0,0.0,1.0,0.0,0.0,0.0,1.0,0.0,0.0,0.0,0.0,0.0,0.0,0.0
378,College Board,3.5,3.6,3.7,3.2,4.2,3.3,0.0,1.0,0.0,0.0,0.0,1.0,0.0,0.0,0.0,0.0,0.0,0.0,0.0,1.0,0.0,0.0
379,Forrest Solutions,2.5,2.1,2.4,2.2,2.4,2.2,1.0,0.0,0.0,0.0,0.0,1.0,0.0,0.0,1.0,0.0,0.0,0.0,0.0,0.0,0.0,0.0
380,Valley National Bancorp,2.5,2.4,2.9,2.0,2.4,2.0,0.0,1.0,0.0,0.0,0.0,1.0,0.0,0.0,0.0,1.0,0.0,0.0,0.0,0.0,0.0,0.0
381,Realogy,2.7,2.8,3.1,2.6,2.5,2.4,0.0,0.0,1.0,0.0,0.0,0.0,0.0,1.0,1.0,0.0,0.0,0.0,0.0,0.0,0.0,0.0
382,Tommy Hilfiger,3.5,3.4,3.3,2.9,3.1,3.0,0.0,0.0,1.0,0.0,0.0,1.0,0.0,0.0,0.0,0.0,0.0,1.0,0.0,0.0,0.0,0.0
383,Kaplan Test Prep,3.5,3.7,4.2,3.4,3.1,3.1,0.0,1.0,0.0,0.0,1.0,0.0,0.0,0.0,0.0,0.0,0.0,0.0,0.0,1.0,0.0,0.0
384,The Jones Group,3.1,3.0,3.1,2.7,3.1,2.5,0.0,0.0,1.0,0.0,0.0,0.0,0.0,1.0,1.0,0.0,0.0,0.0,0.0,0.0,0.0,0.0
385,JLL,3.7,3.6,3.5,3.2,3.4,3.5,0.0,0.0,1.0,0.0,0.0,0.0,0.0,1.0,1.0,0.0,0.0,0.0,0.0,0.0,0.0,0.0
386,Turner Construction,3.9,3.9,3.4,3.5,3.9,3.9,0.0,0.0,0.0,1.0,0.0,0.0,1.0,0.0,1.0,0.0,0.0,0.0,0.0,0.0,0.0,0.0
387,FTI Consulting,3.6,3.3,3.1,3.2,3.6,3.6,0.0,0.0,1.0,0.0,0.0,1.0,0.0,0.0,1.0,0.0,0.0,0.0,0.0,0.0,0.0,0.0
388,National Grid USA,3.4,3.2,3.5,2.7,3.6,3.2,0.0,0.0,1.0,0.0,0.0,0.0,0.0,1.0,0.0,0.0,0.0,0.0,0.0,0.0,0.0,1.0
389,MongoDB,4.6,4.6,4.2,4.4,4.5,4.5,1.0,0.0,0.0,0.0,0.0,1.0,0.0,0.0,0.0,0.0,1.0,0.0,0.0,0.0,0.0,0.0
390,New York Public Library,3.5,3.4,3.7,2.8,3.3,3.0,0.0,1.0,0.0,0.0,0.0,1.0,0.0,0.0,0.0,0.0,0.0,0.0,0.0,0.0,0.0,1.0
391,Petco,3.0,3.3,2.9,2.7,2.7,3.0,0.0,0.0,1.0,0.0,0.0,0.0,0.0,1.0,1.0,0.0,0.0,0.0,0.0,0.0,0.0,0.0
392,Roche,4.0,3.9,3.9,3.2,4.0,3.4,0.0,0.0,0.0,1.0,0.0,0.0,1.0,0.0,0.0,0.0,0.0,0.0,1.0,0.0,0.0,0.0
393,Grant Thornton,3.6,3.9,3.4,3.4,3.3,3.6,0.0,0.0,1.0,0.0,0.0,0.0,1.0,0.0,0.0,1.0,0.0,0.0,0.0,0.0,0.0,0.0
394,iHeartMedia,3.1,3.1,3.2,2.8,2.6,2.8,0.0,0.0,1.0,0.0,0.0,0.0,0.0,1.0,0.0,0.0,0.0,0.0,0.0,0.0,1.0,0.0
395,J. Walter Thompson Worldwide,3.2,3.2,2.9,2.8,2.9,3.1,0.0,0.0,1.0,0.0,0.0,0.0,1.0,0.0,0.0,1.0,0.0,0.0,0.0,0.0,0.0,0.0
396,Bank Of Tokyo-Mitsubishi UFJ,3.2,3.0,3.3,2.7,3.0,2.8,0.0,0.0,0.0,1.0,0.0,0.0,0.0,1.0,0.0,1.0,0.0,0.0,0.0,0.0,0.0,0.0
397,Ipreo,3.6,3.7,3.9,3.6,3.2,3.5,0.0,1.0,0.0,0.0,0.0,1.0,0.0,0.0,0.0,1.0,0.0,0.0,0.0,0.0,0.0,0.0
398,Siemens,4.0,3.9,4.0,3.3,3.8,3.6,0.0,0.0,0.0,1.0,0.0,0.0,0.0,1.0,1.0,0.0,0.0,0.0,0.0,0.0,0.0,0.0
399,Spotify,3.0,3.5,4.3,2.7,3.4,2.7,1.0,0.0,0.0,0.0,0.0,1.0,0.0,0.0,0.0,0.0,1.0,0.0,0.0,0.0,0.0,0.0
400,Fidelis Care,2.9,2.8,3.0,2.5,3.4,2.9,0.0,0.0,1.0,0.0,0.0,1.0,0.0,0.0,1.0,0.0,0.0,0.0,0.0,0.0,0.0,0.0
401,The NPD Group,3.7,3.7,3.9,3.6,3.4,3.4,0.0,1.0,0.0,0.0,0.0,1.0,0.0,0.0,1.0,0.0,0.0,0.0,0.0,0.0,0.0,0.0
402,VaynerMedia,3.1,3.1,2.8,2.5,2.5,2.9,1.0,0.0,0.0,0.0,1.0,0.0,0.0,0.0,1.0,0.0,0.0,0.0,0.0,0.0,0.0,0.0
403,Rockefeller University,4.3,4.1,3.1,3.9,4.1,3.9,1.0,0.0,0.0,0.0,0.0,1.0,0.0,0.0,0.0,0.0,0.0,0.0,0.0,1.0,0.0,0.0
404,HCL Technologies,3.4,3.2,3.5,2.8,2.7,3.3,0.0,0.0,1.0,0.0,0.0,0.0,0.0,1.0,0.0,0.0,1.0,0.0,0.0,0.0,0.0,0.0
405,Wendy's,3.1,3.0,2.8,2.7,2.6,3.0,0.0,0.0,1.0,0.0,0.0,0.0,0.0,1.0,1.0,0.0,0.0,0.0,0.0,0.0,0.0,0.0
406,Allied Universal,3.0,2.8,2.9,2.6,2.6,2.8,0.0,0.0,1.0,0.0,0.0,0.0,0.0,1.0,1.0,0.0,0.0,0.0,0.0,0.0,0.0,0.0
407,Kumon Group,3.8,3.7,3.9,3.4,2.5,2.8,0.0,1.0,0.0,0.0,0.0,1.0,0.0,0.0,0.0,0.0,0.0,0.0,0.0,1.0,0.0,0.0
408,FINRA,3.3,3.3,4.1,2.8,3.6,3.0,0.0,1.0,0.0,0.0,0.0,1.0,0.0,0.0,1.0,0.0,0.0,0.0,0.0,0.0,0.0,0.0
409,FLIK Hospitality Group,4.3,4.3,4.0,4.2,4.0,4.3,0.0,1.0,0.0,0.0,0.0,1.0,0.0,0.0,1.0,0.0,0.0,0.0,0.0,0.0,0.0,0.0
410,Blue Apron,3.0,2.8,3.1,2.4,3.0,2.5,0.0,1.0,0.0,0.0,0.0,1.0,0.0,0.0,1.0,0.0,0.0,0.0,0.0,0.0,0.0,0.0
411,CDM,3.2,3.4,2.9,2.8,3.3,3.0,1.0,0.0,0.0,0.0,1.0,0.0,0.0,0.0,0.0,1.0,0.0,0.0,0.0,0.0,0.0,0.0
412,AlphaSights,4.0,4.1,3.1,4.0,4.2,4.1,0.0,1.0,0.0,0.0,1.0,0.0,0.0,0.0,1.0,0.0,0.0,0.0,0.0,0.0,0.0,0.0
413,Neuberger Berman,3.8,3.6,3.7,3.3,3.2,3.0,0.0,1.0,0.0,0.0,0.0,1.0,0.0,0.0,0.0,1.0,0.0,0.0,0.0,0.0,0.0,0.0
414,Rent The Runway,2.9,3.1,2.6,2.5,3.2,2.9,0.0,1.0,0.0,0.0,0.0,1.0,0.0,0.0,1.0,0.0,0.0,0.0,0.0,0.0,0.0,0.0
415,Brookhaven National Laboratory,3.9,3.3,3.9,3.2,3.5,3.3,1.0,0.0,0.0,0.0,0.0,1.0,0.0,0.0,0.0,0.0,0.0,0.0,0.0,0.0,0.0,1.0
416,Ericsson-Worldwide,3.5,3.5,3.5,2.8,3.7,3.1,0.0,0.0,0.0,1.0,0.0,0.0,0.0,1.0,0.0,0.0,1.0,0.0,0.0,0.0,0.0,0.0
417,State Farm,3.1,3.0,3.0,2.5,3.1,2.9,0.0,0.0,0.0,1.0,0.0,0.0,0.0,1.0,0.0,1.0,0.0,0.0,0.0,0.0,0.0,0.0
418,PetSmart,3.2,3.2,3.1,2.7,2.9,3.0,0.0,0.0,1.0,0.0,0.0,0.0,0.0,1.0,1.0,0.0,0.0,0.0,0.0,0.0,0.0,0.0
419,H&R Block,3.6,3.5,3.6,3.2,2.7,3.3,0.0,0.0,1.0,0.0,0.0,0.0,0.0,1.0,0.0,0.0,0.0,1.0,0.0,0.0,0.0,0.0
420,Fragomen,3.1,3.0,2.7,2.8,3.1,2.9,0.0,1.0,0.0,0.0,0.0,1.0,0.0,0.0,1.0,0.0,0.0,0.0,0.0,0.0,0.0,0.0
421,WW,3.1,3.1,3.3,2.7,2.6,2.5,0.0,0.0,1.0,0.0,0.0,0.0,0.0,1.0,0.0,0.0,0.0,0.0,1.0,0.0,0.0,0.0
422,Rue Gilt Groupe,3.1,3.2,3.5,2.8,2.7,3.0,1.0,0.0,0.0,0.0,1.0,0.0,0.0,0.0,0.0,0.0,0.0,1.0,0.0,0.0,0.0,0.0
423,Douglas Elliman Real Estate,4.2,4.0,3.8,3.9,3.5,3.7,1.0,0.0,0.0,0.0,1.0,0.0,0.0,0.0,1.0,0.0,0.0,0.0,0.0,0.0,0.0,0.0
424,7-Eleven,3.1,2.9,2.8,2.7,2.8,2.8,0.0,0.0,1.0,0.0,0.0,0.0,0.0,1.0,0.0,0.0,0.0,1.0,0.0,0.0,0.0,0.0
425,LexisNexis Legal & Professional,3.5,3.5,4.0,3.1,3.4,3.2,0.0,0.0,1.0,0.0,0.0,0.0,1.0,0.0,1.0,0.0,0.0,0.0,0.0,0.0,0.0,0.0
426,RSM,3.7,3.8,3.2,3.5,3.6,3.9,0.0,0.0,1.0,0.0,0.0,0.0,0.0,1.0,0.0,1.0,0.0,0.0,0.0,0.0,0.0,0.0
427,Vice Media,3.0,3.0,2.8,2.2,2.4,2.6,0.0,1.0,0.0,0.0,0.0,1.0,0.0,0.0,0.0,0.0,0.0,0.0,0.0,0.0,1.0,0.0
428,New York Community Bancorp,2.9,2.7,3.0,2.5,2.4,2.3,0.0,0.0,1.0,0.0,0.0,1.0,0.0,0.0,0.0,1.0,0.0,0.0,0.0,0.0,0.0,0.0
429,Long Island University,2.3,1.8,2.3,1.7,2.0,1.9,0.0,1.0,0.0,0.0,0.0,1.0,0.0,0.0,0.0,0.0,0.0,0.0,0.0,1.0,0.0,0.0
430,Thomas,3.4,2.9,3.8,2.9,3.0,3.3,1.0,0.0,0.0,0.0,1.0,0.0,0.0,0.0,0.0,1.0,0.0,0.0,0.0,0.0,0.0,0.0
431,Makerbot,3.3,3.5,3.5,3.0,3.0,3.3,1.0,0.0,0.0,0.0,1.0,0.0,0.0,0.0,1.0,0.0,0.0,0.0,0.0,0.0,0.0,0.0
432,Fidelity Investments,3.9,4.0,3.9,3.4,3.9,3.6,0.0,0.0,0.0,1.0,0.0,0.0,0.0,1.0,0.0,1.0,0.0,0.0,0.0,0.0,0.0,0.0
433,European Wax Center,3.0,3.0,3.1,2.7,2.5,2.7,0.0,1.0,0.0,0.0,0.0,0.0,1.0,0.0,0.0,0.0,0.0,0.0,1.0,0.0,0.0,0.0
434,Gensler,4.0,4.1,3.5,3.4,3.8,3.9,0.0,0.0,1.0,0.0,0.0,0.0,1.0,0.0,1.0,0.0,0.0,0.0,0.0,0.0,0.0,0.0
435,National Income Life,4.6,4.6,4.0,4.6,4.5,4.6,1.0,0.0,0.0,0.0,1.0,0.0,0.0,0.0,1.0,0.0,0.0,0.0,0.0,0.0,0.0,0.0
436,Bio-Reference Labs,2.4,2.1,2.6,1.8,2.7,2.3,0.0,1.0,0.0,0.0,0.0,0.0,1.0,0.0,0.0,0.0,0.0,0.0,1.0,0.0,0.0,0.0
437,Vector Marketing,4.5,4.5,4.4,4.5,4.4,4.6,0.0,1.0,0.0,0.0,1.0,0.0,0.0,0.0,0.0,1.0,0.0,0.0,0.0,0.0,0.0,0.0
438,MAC Cosmetics,3.4,3.7,2.6,2.8,3.5,3.0,1.0,0.0,0.0,0.0,0.0,1.0,0.0,0.0,1.0,0.0,0.0,0.0,0.0,0.0,0.0,0.0
439,TD Ameritrade,3.6,3.8,3.8,3.3,3.5,3.4,0.0,0.0,1.0,0.0,0.0,0.0,0.0,1.0,1.0,0.0,0.0,0.0,0.0,0.0,0.0,0.0
440,Nasdaq,3.7,3.6,3.6,3.4,3.9,3.3,0.0,0.0,1.0,0.0,0.0,1.0,0.0,0.0,0.0,1.0,0.0,0.0,0.0,0.0,0.0,0.0
441,Mercedes-Benz USA,3.7,3.6,3.7,3.5,3.5,3.3,1.0,0.0,0.0,0.0,0.0,1.0,0.0,0.0,1.0,0.0,0.0,0.0,0.0,0.0,0.0,0.0
442,MEC,3.4,3.6,3.1,3.1,2.9,3.4,1.0,0.0,0.0,0.0,0.0,0.0,1.0,0.0,0.0,1.0,0.0,0.0,0.0,0.0,0.0,0.0
443,Oscar Health,4.0,4.1,3.8,3.7,4.3,3.9,0.0,0.0,1.0,0.0,0.0,1.0,0.0,0.0,1.0,0.0,0.0,0.0,0.0,0.0,0.0,0.0
444,WarnerMedia,3.3,3.5,3.6,2.9,4.1,2.9,0.0,0.0,0.0,1.0,0.0,0.0,0.0,1.0,0.0,0.0,0.0,0.0,0.0,0.0,1.0,0.0
445,Hospital for Special Surgery,4.2,4.1,3.9,3.6,4.3,3.9,1.0,0.0,0.0,0.0,0.0,1.0,0.0,0.0,0.0,0.0,0.0,0.0,1.0,0.0,0.0,0.0
446,New York Institute of Technology,3.9,3.6,3.9,3.2,3.4,3.3,0.0,1.0,0.0,0.0,1.0,0.0,0.0,0.0,0.0,0.0,0.0,0.0,0.0,1.0,0.0,0.0
447,Argus Information & Advisory Services,3.9,3.5,3.7,3.3,2.7,3.5,0.0,1.0,0.0,0.0,1.0,0.0,0.0,0.0,1.0,0.0,0.0,0.0,0.0,0.0,0.0,0.0
448,GroupM,3.5,3.5,3.5,3.0,3.1,3.3,1.0,0.0,0.0,0.0,0.0,0.0,0.0,1.0,1.0,0.0,0.0,0.0,0.0,0.0,0.0,0.0
449,Carat,3.3,3.2,3.0,2.8,2.7,3.2,1.0,0.0,0.0,0.0,0.0,0.0,1.0,0.0,0.0,1.0,0.0,0.0,0.0,0.0,0.0,0.0
450,Interbrand,3.2,3.6,3.1,3.1,2.6,3.1,1.0,0.0,0.0,0.0,1.0,0.0,0.0,0.0,1.0,0.0,0.0,0.0,0.0,0.0,0.0,0.0
451,OnDeck,4.3,4.4,4.6,4.0,4.2,4.2,1.0,0.0,0.0,0.0,1.0,0.0,0.0,0.0,0.0,1.0,0.0,0.0,0.0,0.0,0.0,0.0
452,Crestron Electronics,2.9,2.6,2.7,2.4,3.1,2.7,0.0,1.0,0.0,0.0,0.0,1.0,0.0,0.0,1.0,0.0,0.0,0.0,0.0,0.0,0.0,0.0
453,Weber Shandwick,3.4,3.2,2.9,2.9,2.8,3.2,0.0,1.0,0.0,0.0,0.0,1.0,0.0,0.0,0.0,1.0,0.0,0.0,0.0,0.0,0.0,0.0
454,Burger King,3.2,3.1,2.7,2.9,2.7,3.2,0.0,1.0,0.0,0.0,0.0,0.0,0.0,1.0,1.0,0.0,0.0,0.0,0.0,0.0,0.0,0.0
455,Experian,3.7,3.9,3.9,3.4,4.0,3.5,0.0,0.0,1.0,0.0,0.0,0.0,0.0,1.0,0.0,1.0,0.0,0.0,0.0,0.0,0.0,0.0
456,Bright Horizons Family Solutions,3.1,3.3,2.9,2.6,2.8,3.0,0.0,0.0,1.0,0.0,0.0,0.0,0.0,1.0,0.0,0.0,0.0,0.0,0.0,1.0,0.0,0.0
457,kate spade,3.6,3.8,3.3,3.1,3.4,3.1,0.0,0.0,1.0,0.0,0.0,0.0,0.0,1.0,0.0,0.0,0.0,1.0,0.0,0.0,0.0,0.0
458,Baruch College,4.0,3.6,4.3,3.5,3.3,3.3,1.0,0.0,0.0,0.0,1.0,0.0,0.0,0.0,0.0,0.0,0.0,0.0,0.0,1.0,0.0,0.0
459,Sprinklr,3.6,3.6,3.5,3.6,3.5,3.5,1.0,0.0,0.0,0.0,0.0,1.0,0.0,0.0,0.0,0.0,1.0,0.0,0.0,0.0,0.0,0.0
460,Integra LifeSciences,2.4,2.3,2.8,2.0,2.7,2.3,0.0,0.0,1.0,0.0,0.0,1.0,0.0,0.0,0.0,0.0,0.0,0.0,1.0,0.0,0.0,0.0
461,Spark Foundry,3.1,3.5,3.3,3.0,2.8,3.0,1.0,0.0,0.0,0.0,1.0,0.0,0.0,0.0,0.0,1.0,0.0,0.0,0.0,0.0,0.0,0.0
462,New York City Housing Authority,3.1,2.9,3.5,2.9,3.6,3.3,1.0,0.0,0.0,0.0,0.0,0.0,0.0,1.0,0.0,0.0,0.0,0.0,0.0,0.0,0.0,1.0
463,Martha Stewart Living,2.9,2.4,2.6,2.0,2.2,2.2,0.0,1.0,0.0,0.0,1.0,0.0,0.0,0.0,0.0,0.0,0.0,0.0,0.0,0.0,1.0,0.0
464,TheStreet,3.5,3.2,3.8,3.2,3.6,3.4,1.0,0.0,0.0,0.0,1.0,0.0,0.0,0.0,1.0,0.0,0.0,0.0,0.0,0.0,0.0,0.0
465,Life Time,3.4,3.4,3.0,3.0,2.9,3.2,0.0,0.0,1.0,0.0,0.0,0.0,0.0,1.0,0.0,0.0,0.0,0.0,1.0,0.0,0.0,0.0
466,Aflac,3.6,3.7,3.9,3.4,3.3,3.6,0.0,0.0,0.0,1.0,0.0,0.0,1.0,0.0,0.0,1.0,0.0,0.0,0.0,0.0,0.0,0.0
467,Boston Consulting Group,4.1,4.2,2.9,3.8,4.3,4.2,0.0,0.0,1.0,0.0,1.0,0.0,0.0,0.0,1.0,0.0,0.0,0.0,0.0,0.0,0.0,0.0
468,Infor,3.8,3.7,4.0,3.4,3.6,3.5,0.0,0.0,1.0,0.0,0.0,0.0,0.0,1.0,0.0,0.0,1.0,0.0,0.0,0.0,0.0,0.0
469,BAYADA Home Health Care,4.1,4.3,4.0,3.9,3.5,4.0,0.0,0.0,1.0,0.0,0.0,0.0,0.0,1.0,0.0,0.0,0.0,0.0,1.0,0.0,0.0,0.0
470,"Discovery, Inc.",3.5,3.5,3.7,2.9,3.8,2.9,0.0,0.0,1.0,0.0,0.0,0.0,0.0,1.0,0.0,0.0,0.0,0.0,0.0,0.0,1.0,0.0
471,Hunter College,3.6,3.3,3.6,2.9,3.2,2.8,1.0,0.0,0.0,0.0,1.0,0.0,0.0,0.0,0.0,0.0,0.0,0.0,0.0,1.0,0.0,0.0
472,US Standard Products,4.2,4.2,4.2,4.4,4.4,4.4,1.0,0.0,0.0,0.0,1.0,0.0,0.0,0.0,1.0,0.0,0.0,0.0,0.0,0.0,0.0,0.0
473,Keller Williams,4.2,4.3,4.0,3.9,3.4,4.1,0.0,1.0,0.0,0.0,1.0,0.0,0.0,0.0,1.0,0.0,0.0,0.0,0.0,0.0,0.0,0.0
474,The Container Store,3.6,3.7,3.7,3.2,3.4,3.0,0.0,1.0,0.0,0.0,0.0,0.0,1.0,0.0,0.0,0.0,0.0,1.0,0.0,0.0,0.0,0.0
475,BDO USA,3.4,3.4,2.9,3.1,3.1,3.6,0.0,0.0,1.0,0.0,0.0,1.0,0.0,0.0,0.0,1.0,0.0,0.0,0.0,0.0,0.0,0.0
476,SinglePlatform,3.6,3.9,3.7,3.6,3.9,3.6,1.0,0.0,0.0,0.0,1.0,0.0,0.0,0.0,0.0,1.0,0.0,0.0,0.0,0.0,0.0,0.0
477,American Airlines,3.8,3.4,3.4,2.9,3.7,3.5,0.0,0.0,0.0,1.0,0.0,0.0,0.0,1.0,1.0,0.0,0.0,0.0,0.0,0.0,0.0,0.0
478,TGI Fridays,3.0,3.1,2.9,2.7,2.7,2.9,0.0,1.0,0.0,0.0,0.0,0.0,0.0,1.0,1.0,0.0,0.0,0.0,0.0,0.0,0.0,0.0
479,Wawa,3.7,3.9,3.1,3.2,3.8,3.7,,,,,,,,,,,,,,,,
480,Konica Minolta Business Solutions,2.9,2.7,3.1,2.4,2.7,2.8,0.0,0.0,0.0,1.0,0.0,0.0,1.0,0.0,0.0,0.0,1.0,0.0,0.0,0.0,0.0,0.0
481,The Vitamin Shoppe,3.1,3.1,3.0,2.6,3.0,2.8,,,,,,,,,,,,,,,,
482,Marsh,3.5,3.5,3.4,3.2,3.1,3.3,0.0,0.0,1.0,0.0,0.0,0.0,0.0,1.0,1.0,0.0,0.0,0.0,0.0,0.0,0.0,0.0
483,FCB Global,3.5,3.5,3.3,3.0,3.1,3.3,1.0,0.0,0.0,0.0,0.0,1.0,0.0,0.0,0.0,1.0,0.0,0.0,0.0,0.0,0.0,0.0
484,Saatchi & Saatchi Group,3.1,2.8,3.1,2.6,2.9,2.7,1.0,0.0,0.0,0.0,1.0,0.0,0.0,0.0,1.0,0.0,0.0,0.0,0.0,0.0,0.0,0.0
485,CareOne,2.9,3.1,2.9,3.1,3.2,3.0,1.0,0.0,0.0,0.0,0.0,0.0,0.0,1.0,0.0,0.0,0.0,0.0,1.0,0.0,0.0,0.0
486,Robert Wood Johnson University Hospital,3.3,3.4,3.2,2.8,2.9,3.2,0.0,0.0,1.0,0.0,0.0,1.0,0.0,0.0,0.0,0.0,0.0,0.0,1.0,0.0,0.0,0.0
487,Simon & Schuster,3.4,3.2,3.3,2.8,2.7,2.8,0.0,1.0,0.0,0.0,0.0,1.0,0.0,0.0,1.0,0.0,0.0,0.0,0.0,0.0,0.0,0.0
488,NYC Department of Human Resource Administration,2.8,2.3,3.2,2.5,3.0,2.5,1.0,0.0,0.0,0.0,1.0,0.0,0.0,0.0,0.0,0.0,0.0,0.0,0.0,0.0,0.0,1.0
489,Subway,3.2,3.0,3.1,2.7,2.4,2.6,1.0,0.0,0.0,0.0,0.0,0.0,1.0,0.0,1.0,0.0,0.0,0.0,0.0,0.0,0.0,0.0
490,DICK'S Sporting Goods,3.3,3.3,3.1,2.9,2.9,2.9,0.0,0.0,1.0,0.0,0.0,0.0,0.0,1.0,1.0,0.0,0.0,0.0,0.0,0.0,0.0,0.0
491,EXL Service,3.6,3.5,3.8,3.3,3.2,3.5,0.0,1.0,0.0,0.0,0.0,0.0,0.0,1.0,1.0,0.0,0.0,0.0,0.0,0.0,0.0,0.0
492,Allergan,3.6,3.3,3.4,3.0,3.9,3.3,0.0,0.0,0.0,1.0,0.0,0.0,0.0,1.0,0.0,0.0,0.0,0.0,1.0,0.0,0.0,0.0
493,Young & Rubicam,3.5,3.4,3.2,3.0,2.9,3.1,,,,,,,,,,,,,,,,
494,NBA,4.0,3.8,3.2,3.3,3.5,3.4,1.0,0.0,0.0,0.0,0.0,1.0,0.0,0.0,0.0,0.0,0.0,0.0,0.0,0.0,1.0,0.0
495,AHRC New York City,2.9,3.1,2.9,2.4,2.7,2.6,1.0,0.0,0.0,0.0,1.0,0.0,0.0,0.0,0.0,0.0,0.0,0.0,0.0,0.0,0.0,1.0
496,SAP,4.5,4.4,4.4,4.0,4.4,4.2,0.0,0.0,0.0,1.0,0.0,0.0,0.0,1.0,0.0,0.0,1.0,0.0,0.0,0.0,0.0,0.0
497,Domino's,3.4,3.2,3.1,3.0,2.8,3.2,,,,,,,,,,,,,,,,
498,IKEA,3.2,3.5,3.2,2.7,3.8,3.0,1.0,0.0,0.0,0.0,0.0,0.0,0.0,1.0,1.0,0.0,0.0,0.0,0.0,0.0,0.0,0.0
499,GNC,2.9,2.7,3.1,2.5,2.6,2.5,0.0,0.0,1.0,0.0,0.0,0.0,0.0,1.0,0.0,0.0,0.0,0.0,1.0,0.0,0.0,0.0
500,Huntington Learning Centers,,,,,,,1.0,0.0,0.0,0.0,0.0,1.0,0.0,0.0,0.0,0.0,0.0,0.0,0.0,1.0,0.0,0.0
501,Bluewolf,,,,,,,1.0,0.0,0.0,0.0,1.0,0.0,0.0,0.0,0.0,0.0,1.0,0.0,0.0,0.0,0.0,0.0
